τη	1084
το	670
η	600
και	579
εν	557
ο	435
σα	399
τ	386
τα	290
σο	264
κι	258
σην	232
για	224
χρονία	218
ημέρα	205
να	204
σταυρί	193
τρυγομηνά	189
καλανταρί	187
ημέρας	175
την	165
χρονίας	146
με	141
άλλα	138
ημερολόγιον	134
γρηγοριανόν	131
λεει	129
πληθυσμόν	126
ντο	124
τον	121
εχ	117
επέμναν	116
δίσεκτον	116
ατ'ς	116
τελούτεν	114
έτον	102
αεργίτες	97
οι	91
σ	90
άμον	82
μας	81
οσήμερον	79
ίστε	77
έν	77
χρονίαν	75
ατ	71
σταυρίτες	70
τρυγομηνάς	69
σον	69
κράτος	69
χριστουγεννάρτς	68
πρωτεύουσαν	68
απρίλτ	63
ανθρώπ	63
ανθρώπ'ς	61
πολλά	60
ση	59
πολιτεία	57
που	56
τρανόν	53
μαρτς	52
κούντουρος	51
εμάς	50
ασα	50
πολιτείαν	49
κ	49
του	47
ελλενικά	45
μαρτί	44
καλαντάρτς	44
επεκεί	44
είναι	44
ευρίεται	43
ασ	41
πα	40
π.χ	39
χορτοθέρτς	38
σε	38
ευρώπης	36
τοι	35
ουκρανίαν	35
έναν	35
ατό	34
έντον	34
θάλασσαν	31
ντ	30
ελλάδαν	30
απές	30
τρανά	28
ποντιακά	28
έχ	28
έτονε	28
χώρα	27
εποίκαν	27
είν	27
εντάμαν	26
γκαίτε	26
αέτς	26
άμαν	26
όνεμαν	25
ας	25
χώρας	24
πολιτείας	24
πόντον	23
νταγ	23
απάν	23
έχνε	23
άμα	23
πόλεμον	22
μήνας	22
μ	22
ιστορίαν	22
εςς	22
δημοκρατίαν	22
ασην	22
α	22
των	21
ς	21
πρόεδρον	21
μερέαν	21
καλομηνάς	21
εξέβεν	21
απρίλτς	21
όνεμα	20
τραγωδίας	20
εγεννέθεν	20
ασόν	20
πόντονος	19
λ.χ	19
επαίρεν	19
ελλενικόν	19
ασον	19
ασο	19
χώραν	18
πρώτον	18
ους	18
γλώσσαν	18
ασό	18
τουρκίαν	17
ρουσίαν	17
πολλοί	17
κόσμον	17
κέντρον	17
αφκά	17
ατά	17
έλλενες	17
χωρίον	16
της	16
τερέστεν	16
πρωθυπουργόν	16
ελλάδας	16
βασίλειον	16
ατόν	16
απαναφκά	16
αλωναρί	16
όντες	15
χορτοθερί	15
παλαιόν	15
μαύρον	15
εποίκεν	15
δυτικά	15
αυτοκρατορίας	15
ατα	15
από	15
χρόναι	14
τουρκίας	14
ραχίν	14
μικρόν	14
κερασινός	14
θάλασσα	14
ερχίνεσεν	14
επαίραν	14
εξόν	14
είςεν	14
γλώσσας	14
ατούν	14
ατέν	14
ανατολικά	14
χριστουγενναρί	13
πρωτεύουσα	13
μεσόγειον	13
μακεδονίας	13
λέξην	13
εγέντον	13
δύσαν	13
γιόχαν	13
ατον	13
έξεργος	13
έγραψεν	13
τ’	12
τ'όνομαν	12
ρωμαϊκόν	12
πόντος	12
πρώτα	12
μαναχόν	12
μέρος	12
ευρώπην	12
γράψιμον	12
γιά	12
βασιλέας	12
ανθρώπς	12
άλλο	12
ωκεανόν	11
χρόνε	11
τὰ	11
τόπον	11
τουρκ	11
ποντιακόν	11
περισσόν	11
πάει	11
κατά	11
κάλαντα	11
εφτάει	11
ελλάδα	11
εβγών	11
γαλλικά	11
βόρεια	11
αυτοκρατορίαν	11
ασήν	11
αμόν	11
αλλά	11
αεργί	11
όπως	10
χρήστες	10
χμ	10
χερσόνησος	10
τουρκάντ	10
τζιπ	10
στράβων	10
παρχάραι	10
π	10
οσημερνόν	10
οποίον	10
λέξεις	10
καὶ	10
επεξεργαστάς	10
επαρχίαν	10
δυο	10
δουλείας	10
βόρειον	10
αση	10
ασίαν	10
ανατολήν	10
έργον	10
ένι	10
χλμ	9
τσῆ	9
τσιριχτά	9
τρανός	9
τέλος	9
σοι	9
ρωμαίικα	9
παλαιά	9
οπίς	9
νότια	9
νοτιοανατολικά	9
λέγουμε	9
κώστας	9
κούντουρονος	9
κούντουρον	9
κομμάτ	9
ιταλικά	9
ιστορίας	9
θεσσαλονίκην	9
εκαικά	9
δύο	9
διογένες	9
δημοκρατίας	9
αμερικήν	9
αβούτο	9
έχασεν	9
έταν	9
‘κ	8
όνταν	8
ως	8
χωρίζ	8
χρόνον	8
χερσόνησον	8
χέρντερ	8
φον	8
φιλόσοφον	8
τελείται	8
τ'ατό	8
συνθήκην	8
στοιχείον	8
σουμά	8
ρωμαϊκού	8
ποταμόν	8
παιδία	8
πέλλας	8
νότιον	8
ντε	8
ν	8
μικρά	8
μη	8
λοέν	8
λατ	8
κεντρικόν	8
καλομηνά	8
θάλασσας	8
επαρχίας	8
επέμνεν	8
εκεί	8
εβδομάδας	8
δεύτερον	8
δαβαίν	8
δίσκος	8
γράμματα	8
γερμανικά	8
γερμανίας	8
γ	8
βόλφγκανγκ	8
ατότες	8
ατουπές	8
ατομικόν	8
ασίας	8
αρχαίον	8
αριθμόν	8
αδά	8
έσαν	8
ένα	8
ἔν	7
όλεα	7
ωτία	7
χημικόν	7
τὸ	7
τούρκικα	7
τουρκικά	7
τοπχαράς	7
τοις	7
σινώπη	7
πόντιοι	7
πόλη	7
πόλεμος	7
ονόματα	7
ξαν	7
μορφήν	7
μιαν	7
μετά	7
μέτρα	7
λαλίαν	7
λέχκεται	7
λέγνε	7
κιάλλο	7
κατσκάρ	7
καρς	7
καραμανλής	7
καππαδοκίαν	7
ιταλίαν	7
ιβηρικόν	7
ιαπωνίαν	7
ημέραν	7
εφτάμε	7
ευρωπαϊκόν	7
ευρισκάται	7
επήεν	7
επήγεν	7
ελληνικήν	7
ελλήνων	7
εκλώστεν	7
είχεν	7
δουλείαν	7
δηλαδή	7
γιαννιτσά	7
γερμανίαν	7
γενικόν	7
βυζαντινόν	7
βικιπαίδεια	7
βαϊμάρην	7
αυτοκρατορία	7
ατς	7
ατο	7
ατλαντικόν	7
αστερίκον	7
ασία	7
ασή	7
αρχαία	7
απεσκές	7
απ	7
αθέ	7
αγγλικά	7
αβούτον	7
ίνεται	7
έρθεν	7
έργα	7
έλληνας	7
άλλον	7
ύστερα	6
ότι	6
όντας	6
χωρία	6
χρόνεα	6
χριστόν	6
χριστού	6
χορόν	6
τόνυα	6
τόνεμαν	6
τς	6
τραπεζούντα	6
τρία	6
τους	6
τερεί	6
σινώπης	6
σελίδας	6
ρωμαίοι	6
πως	6
πρόεδρος	6
πρωθυπουργός	6
πράματα	6
ποτάμι	6
πολέμ	6
πινάκιν	6
ούμπως	6
ούλτς	6
ουλτς	6
οποία	6
οθωμανικόν	6
ξενοφών	6
νότον	6
μπακογιάννη	6
μουσουλμάν	6
μακρά	6
μάναν	6
λατινικόν	6
λέγουν	6
λέγομε	6
κύρου	6
κωνσταντίνος	6
κτλ	6
κροατάντ	6
κράτη	6
κερασινού	6
καινούρεα	6
καικά	6
θα	6
εφτάγνε	6
εφτά	6
ευρίουνταν	6
εξουσίαν	6
εξέβαν	6
εμείς	6
ελληνικά	6
εκατό	6
εγκλεσίας	6
είνος	6
διαγωνισμόν	6
γνωστός	6
γιατί	6
γαλλίαν	6
βαλκανικόν	6
αχπάσκεται	6
αφρικήν	6
ατώρα	6
ατός	6
ατού	6
ατεινών	6
ασού	6
αούτον	6
αντέμ	6
ανεξάρτητον	6
ανατολικόν	6
ανάβασις	6
αν	6
αμάσειαν	6
αλλ	6
αθήνας	6
αθήναν	6
ήπειρος	6
ένας	6
έλλενας	6
έλεεν	6
άλλ	6
ἡ	5
ϛτρασβούργον	5
ϛίλερ	5
όνομαν	5
όλων	5
όλεν	5
ψηλορραχέας	5
ψήλος	5
χριστιανούς	5
χριστιανοί	5
χριστιανικά	5
χορτοθέρτ	5
φραγκφούρτην	5
φελίν	5
τσιπ	5
τραπεζούντας	5
τρίτ	5
τουρκικόν	5
τουρκία	5
ταραντού	5
τίτλον	5
τέχνην	5
τέταρτον	5
τέσσερα	5
τ'όνεμαν	5
τ'ασούλτς	5
σὴν	5
σύμβολον	5
σχηματίζνε	5
σχετικότητας	5
συγγραφέας	5
στούντιο	5
στον	5
στην	5
σταυρίτε	5
σλοβενάντ	5
σιέρα	5
σι	5
σημασίαν	5
σερβάντ	5
σήμερον	5
σάββαν	5
ρώμην	5
ρωμανίαν	5
ραχία	5
πόντου	5
πόλην	5
πρώτη	5
πρόεδεος	5
πρωτοχρονίας	5
πριν	5
πούλεματα	5
ποιητής	5
ποιήματα	5
πιο	5
πετρούπολη	5
περιοχήν	5
περίοδον	5
παϊπούρτ	5
παλαιούς	5
παλ	5
παίρουμε	5
ούλ	5
ορθόδοξον	5
ονέματα	5
ολίγον	5
οικογένειαν	5
ξύλα	5
ντ’	5
νταλάρας	5
νοτιοδυτικά	5
νησίν	5
νησία	5
νερόν	5
νέα	5
μὲ	5
μουσικής	5
μουσικήν	5
μορφάς	5
μιθριδάτες	5
μαρτ	5
μακεδονίαν	5
μακεδονία	5
μαθητής	5
μίαν	5
λχ	5
λειψίαν	5
λατινικά	5
λαλίας	5
λαβίν	5
λέξη	5
λέγν'ατόν	5
λέγν	5
λέγει	5
κύρονος	5
κύρην	5
κόσμονος	5
κυβέρνησην	5
κυβέρνηση	5
κομμουνιστικόν	5
κιαν	5
κιαδά	5
κεμεντζέν	5
κάιρον	5
ιταλίας	5
ιστορικόν	5
ισπανίας	5
θεσσαλονίκη	5
θέλ	5
ζυμάρ	5
ζηλανδία	5
εχπάστεν	5
εφτάνε	5
ερχίνεσαν	5
εργάσκουνταν	5
εποχής	5
επολέμησεν	5
επίσης	5
επίσημον	5
επέμνε	5
εθέλνεν	5
εγνώρτσεν	5
εγκυκλοπαίδεια	5
είσεν	5
δυτικόν	5
δημοκρατία	5
γνωστόν	5
γκότφριντ	5
γιουγκοσλαβίαν	5
γιουγκοσλαβία	5
γεωγραφικά	5
γενοκτονία	5
γενικού	5
γάλια	5
γάλε	5
βικι	5
βιβλία	5
βατούμι	5
βασίλειο	5
βίλχελμ	5
βάρος	5
β	5
αφού	5
ατ’	5
ατωριζνόν	5
ατςαπάτ	5
ασά	5
αργαίος	5
απεκεί	5
ανεξαρτησίας	5
ανήκ'νε	5
αλφάβητον	5
αλβανίαν	5
αλέξανδρος	5
ακεί	5
αιώναν	5
αθρώπ	5
αίγυπτον	5
αήκα	5
έντονε	5
ένταν	5
έλληνες	5
έλλενοι	5
έλεγαν	5
άλυς	5
άγιος	5
ἒν	4
ώσαμε	4
όχι	4
όργανον	4
ψηλορραχέα	4
ψάλκουνταν	4
χρόνων	4
χρόνια	4
χούντα	4
χουλιάρ	4
χουάνγκ	4
χορού	4
χοροί	4
χερσόνησου	4
χαλντούν	4
χέγκελ	4
χάταλα	4
φυσικών	4
φτάει	4
φρίντριχ	4
φρήντριχ	4
φιλόσοφος	4
φιλοσοφίας	4
φανερών'νε	4
φαΐν	4
υπολογιστής	4
υδρογόνον	4
τ’όνομαν	4
τυνησίαν	4
τσιν	4
τσι	4
τσάπλιν	4
τρόπον	4
τρανότερον	4
τρανότερην	4
τρανού	4
τραγωδίαν	4
τρίτον	4
τούρκικον	4
τουφεξής	4
τικ	4
τζανέιρο	4
τζαμαίκαν	4
τετράδ	4
τακάτ	4
τάταρνικοφ	4
τάραντας	4
τ'ὄνεμαν	4
σὸ	4
σύντροφον	4
σύνδεσμον	4
σωματείον	4
σωκράτη	4
σχολείον	4
σχολεία	4
σχεδόν	4
συστηματοποιά	4
συναλλ΄εότηταν	4
συμμετρίας	4
συμβολίζ	4
στοιχεία	4
στο	4
στα	4
στ	4
σουμελά	4
σου	4
σλοβακία	4
σκύλον	4
σκανδιναβικού	4
σινώπην	4
σινωπέας	4
σημείον	4
σημαντικόν	4
σεπτέμβριος	4
σεβάστειαν	4
ρώμη	4
ρωμαίοις	4
ρωμαίικου	4
ρίζαν	4
ρήματα	4
πρώτος	4
προσεσόρεα	4
προς	4
προξενείον	4
προγράμματα	4
πριχού	4
πουτσιχτά	4
πορτογαλικά	4
ποντίων	4
πολωνίας	4
πολυεθνικόν	4
πλούσιον	4
περιοδικόν	4
περίπου	4
πειραιάς	4
πγδμ	4
παύλος	4
πατροπαράδοτον	4
παρασκευή	4
παράδας	4
παθητικά	4
παίζ	4
πέφτ	4
πέραν	4
πέρα	4
πέμπτον	4
πάντα	4
ούς	4
ουσνα	4
ουσιαστικόν	4
ουντερζό	4
ουκρανικά	4
οποίο	4
οξουκά	4
ομάδας	4
ομάδαν	4
ομάδα	4
ολίγα	4
οκτώβριος	4
ξενοφώντος	4
νότεα	4
ντον	4
ντεβλέτι	4
νταλάρα	4
νοέμβριος	4
νιούτον	4
νείλος	4
νε	4
νάτριον	4
μωραΐτικα	4
μπάντας	4
μουσικός	4
μουσικόν	4
μουσικού	4
μου	4
μορφήματα	4
μονάδα	4
μεσελέδες	4
μερέα	4
μαρξ	4
μαρμαράς	4
μαρίνος	4
μαλακόν	4
μαδαγασκάρην	4
μέταλλον	4
μάξγουελ	4
λύρα	4
λωζάνης	4
λουξεμβούργον	4
λουκουμάδες	4
λονδίνο	4
λεχτικόν	4
λίθιο	4
λέχκουνταν	4
λέγουνε	4
κύρης	4
κότσαρι	4
κόλπον	4
κτενίδης	4
κρυφά	4
κρητικά	4
κουρόβ	4
κουκοδήμος	4
κουγιουμτζή	4
κμε	4
κλπ	4
κλερκ	4
κλασικισµού	4
κιούμπρικ	4
κηβέρνησην	4
κερεκήν	4
κενούρεον	4
καρλ	4
καππαδοκία	4
κανείς	4
καλόν	4
καλλίον	4
καλιοντζίδης	4
καλατσίας	4
καζαντζίδης	4
κίεβο	4
κέστεραν	4
κάθε	4
κάθαν	4
κ.ου.κ	4
κ.α	4
ιστορικός	4
ιστορία	4
ισπανικά	4
ινδικόν	4
θεωρίαν	4
θερμοκρασίαν	4
θεολόγον	4
θεοδωρίδης	4
θέλνε	4
θάνατον	4
ηχογράφηση	4
ηνωμένο	4
ημών	4
ηθοποιός	4
ζουμάρ	4
εύξεινος	4
εχ’	4
εχατεύταν	4
ευχητικά	4
ετελέθεν	4
εταγουτεύτεν	4
εσέβεν	4
ερχίνεσε	4
ερζεγοβίνη	4
εποίκενατο	4
εποίκε	4
επιτυχίας	4
επιτυχίαν	4
επεξεργασίας	4
επειδή	4
επί	4
επήρε	4
εννεάσκουτον	4
εμπροστά	4
ελλενοτουρκικόν	4
ελευθερίου	4
ελάστεν	4
εκστρατείαν	4
εκράτεσαν	4
εκείνος	4
ειρηνικόν	4
εγενέθεν	4
εγένταν	4
είχαν	4
είπεν	4
δυτικού	4
δραγούμης	4
δράμαν	4
δουλεύνε	4
δουκάτον	4
διογένεν	4
δικαιώματα	4
διαμαντίδης	4
διάφορα	4
δηλ	4
δευτέραν	4
δεκέμβριος	4
δίσκους	4
δίσκον	4
δέκα	4
γρουζίαν	4
γραμματικήν	4
γράφνε	4
γκοσινί	4
γκίλαν	4
γιώργος	4
γεωργίαν	4
γεωγραφίαν	4
γερμανία	4
γερμ	4
γαλλικόν	4
γαλλίας	4
βυζαντινού	4
βυζαντινά	4
βρασμού	4
βρέχεται	4
βουλγαρίαν	4
βορειοδυτικά	4
βικιπαίδειαν	4
βιετνάμ	4
βερολίνον	4
βελγί	4
βαϊµάρης	4
βασιλέαν	4
βασίλη	4
βασίλ	4
βέβαια	4
βάλλομε	4
αϊνστάιν	4
αφρικανικόν	4
αφεντίαν	4
αυστραλία	4
ατουν	4
ατείντζ	4
ατέναν	4
ασ’	4
ασοι	4
αρχαιότηταν	4
αρχήν	4
αρχ	4
αριστοκράτε	4
αραπάν	4
απόστολος	4
απόστολον	4
απομέν'νε	4
αποκουμπισκάται	4
απεσκέσ	4
απε	4
απέσ	4
αντιφέρκουτον	4
ανθόπουλος	4
ανθρωπίων	4
ανδόρρας	4
ανατολής	4
ανατολή	4
αλωνάρτς	4
αληθινόν	4
αληγορτόν	4
αληγορτά	4
ακόμαν	4
ακριβώς	4
ακεκά	4
αιώνα	4
αι	4
αθήνα	4
αδακά	4
αγγλ	4
αβούτεν	4
ήπειρον	4
έσανε	4
έργων	4
έργαν	4
έντρισεν	4
έμαθεν	4
άνθρωπον	4
άλας	4
άκαμψης	4
άι	4
ὕδωρ	3
ὁ	3
ἢ	3
ἑλλενικόν	3
ἂλλα	3
ἀς	3
ἀπάν	3
ϛτάιν	3
όφη	3
όταν	3
όρον	3
όπου	3
όνομα	3
όμως	3
όλια	3
όλ	3
όθων	3
όγδοον	3
ωκεανικόν	3
ωκεανίαν	3
ψωμίν	3
ψηλόν	3
χωρίεται	3
χτιζμέντζα	3
χρύσανθον	3
χρονών	3
χριστουγεννίων	3
χριστουγέννων	3
χριστιανισμόν	3
χορεύανε	3
χορευτάδες	3
χονγκ	3
χιλιόμετρα	3
χερσώνα	3
χερσονησία	3
χαβαϊκόν	3
χάρκοβο	3
φύλλα	3
φωτογραφίζ	3
φυντάν	3
φριντερίκε	3
φράσην	3
φορά	3
φιλόξενον	3
φιλοσοφίαν	3
φθηνόν	3
φίρμα	3
φίλων	3
φίλτς	3
φίλον	3
φέρ’	3
φάουστ	3
υπουργός	3
υπολογιστίων	3
υπολογιστήν	3
υπολογιστή	3
υπολογιστές	3
υπολογιστάς	3
υποκείμενον	3
υπογραφήν	3
υπηκοότηταν	3
υπάντρεψεν	3
τ’ατό	3
τὸν	3
τὴν	3
τόσια	3
τόπσαμ	3
τόκιο	3
τσέρνιγκοφ	3
τσάρλι	3
τςαρλότε	3
τςάμπαςιν	3
τρυγόνα	3
τριέρην	3
τραπεζούνταν	3
τρανότερη	3
τρανοί	3
τρανείν	3
τρανήν	3
τραγούδια	3
τραγούδι	3
τραγουδίστρια	3
τραγουδάνος	3
τρίτο	3
τούρκοις	3
τουσμαν	3
τουσμάν	3
τουν	3
τοπέα	3
τμήμα	3
τι	3
τζιρέδας	3
τζέιμς	3
τερούμε	3
τελευταίον	3
τανε	3
ταινίας	3
ταγκανρόγκ	3
τήξης	3
τέρτε	3
τάρας	3
τ'ἀνθρώπ'ς	3
τ'όργανον	3
τ'ωτίν	3
τ'επίσημον	3
τ'ατόν	3
τ'ατά	3
σ’	3
σὸν	3
σύνορα	3
σότσι	3
σό	3
σωκρατικών	3
σχολής	3
συνόδαι	3
συντεταγμενίων	3
συνορεύ	3
συνομοσπονδίαν	3
συνεργασίας	3
συναλλ΄εότητα	3
συμφωνικά	3
συμφερόπολη	3
συμβόλαιον	3
συγκόλλησην	3
συγγραφιάντ	3
στροφών	3
στρατόν	3
στούδαι	3
στις	3
στη	3
στεν	3
σταύρονος	3
στίχους	3
στέλιος	3
στάνλεϊ	3
σσσδ	3
σπουδάς	3
σουντάκ	3
σλοβιάνσκ	3
σλοβενικόν	3
σλοβεναντίων	3
σλοβενίων	3
σλοβενία	3
σκύδρας	3
σκανδιναβικόν	3
σιρόν	3
σημασέαν	3
σημαίν	3
σερβαντίων	3
σερβίων	3
σερβίαν	3
σελίδα	3
σειράν	3
σεβντάν	3
σεβαστούπολη	3
σεβάστειας	3
σαππόρο	3
σαξονία-βαϊμάρη-άιζεναχ	3
σαμψούντας	3
σίλιγο	3
σίλερ	3
σάκι	3
σ'όλεν	3
σ'αούτον	3
ςερ	3
ρύζι	3
ρόλον	3
ρωμαίων	3
ρυθμόν	3
ρουσικά	3
ρουσάντ	3
ρουμανίαν	3
ρουμανία	3
ροστόφ	3
ρομβί	3
ρεμπέτικο	3
ρίο	3
ρήμαν	3
πύργον	3
πόντιος	3
πόλεων	3
πρώτου	3
προσοπικόν	3
πριπιάτ	3
πρέπ	3
πουτςή	3
ποσοστόν	3
πορτογαλίας	3
πορπατεί	3
ποντιακών	3
ποντιακού	3
ποντιακοί	3
πολωνικά	3
πολωνία	3
πολλούς	3
πολιτικός	3
πολιτικόν	3
πολιτικήν	3
πολ	3
ποιητικόν	3
ποιητικήν	3
ποδόσφαιρον	3
ποδάρ	3
πλατάνα	3
πιςία	3
πεντικόν	3
πεκίνον	3
παύλου	3
παύλον	3
πατρίδαν	3
παρασκευήν	3
παραμονήν	3
παραγωγός	3
παρίσι	3
παράδωσην	3
παλτογα	3
παθάν	3
παίρνε	3
πίνδαρος	3
πέντε	3
πέλαγος	3
πάω	3
πάτερ	3
π.α.ο.κ	3
ούλτ'ς	3
ούλης	3
ουστάς	3
ουσιαστικά	3
ουμάν	3
οσπιτί	3
οσημερνού	3
οσημερινόν	3
οσάκα	3
ορθόδοξοι	3
οργανισμόν	3
ονομάζνε	3
ολόερα	3
ολτς	3
ολτ'ς	3
ολλανδικά	3
ολλανδία	3
οκεανόν	3
οικογένειας	3
οθωμανικού	3
οδησσός	3
ξύνει	3
ξύλον	3
ξακουστά	3
ξάι	3
νότιαν	3
ντὸ	3
ντόρα	3
ντονέτσκ	3
ντνιπροπετρόφσκ	3
ντζανκόι	3
νταλάραν	3
ντέιβιντ	3
ντ'εὐρίεται	3
ντ'εφτάει	3
νοτιανατολικόν	3
νορβηγίας	3
νομόν	3
νομού	3
νομικήν	3
νομίων	3
νοβοτσερκάσσκ	3
νοβοροσίσκ	3
νιαυτόνατουν	3
νείλον	3
ναόν	3
ναγκόγια	3
νέος	3
νέας	3
νά	3
μόρφωσην	3
μυρίων	3
μπολ	3
μπαταρίας	3
μπακτσίσαραϊ	3
μουσουλμάνους	3
μουσικίων	3
μουσική	3
μουσικά	3
μοστσένα	3
μορφολογία	3
μιχάλης	3
μισθοφόρων	3
μινχ	3
μικρασιατικόν	3
μικρασιατικήν	3
μικράς	3
μικολάιβ	3
μητσάκη	3
μην	3
μεταξύ	3
μεσελέν	3
μεγαλέξανδρος	3
μεγαλέξανδρονος	3
μαύρη	3
μαϊκόπ	3
μαυροβούνιον	3
μαριούπολη	3
μακεδονικόν	3
μέτρων	3
μέσον	3
μέρκελ	3
μέλος	3
μάχην	3
μάς	3
μάρτς	3
μάρτ	3
μάιος	3
μάζαν	3
μ.χ	3
λόρεντς	3
λόγον	3
λυρα	3
λουχάνσκ	3
λουτροχώρ	3
λιχτενστάιν	3
λιθουανία	3
λευκόν	3
λευκωσίαν	3
λεττονία	3
λβιβ	3
λαόν	3
λαϊκήν	3
λαϊκά	3
λατινική	3
λαζούδαι	3
λαζούδ	3
λα	3
λέξης	3
λένατον	3
λέμε	3
λέει	3
λέγνατο	3
λέγ'ν	3
λάτιν	3
κύων	3
κύρ	3
κύπρος	3
κύκλον	3
κόσοβο	3
κόσμου	3
κόσμο	3
κωνσταντινούπολην	3
κωνσταντινούπολη	3
κωνσταντίνονος	3
κυρ'σατ	3
κυπριακόν	3
κυκλοφορία	3
κτίστες	3
κροατικόν	3
κροαταντίων	3
κροατίων	3
κροατίαν	3
κρασνοπερεκόπσκ	3
κρασνοντάρ	3
κράτονος	3
κούναξα	3
κουριτίμπα	3
κουκούτσεα	3
κορτσόπον	3
κορκ	3
κορέαν	3
κοντά	3
κομμάτεα	3
κολομία	3
κιότο	3
κιθάραν	3
κερτς	3
κεντρικά	3
κεμεντζετζής	3
κεμεντζές	3
κεμέρ	3
καϊτέδες	3
κατοχήν	3
κατηγορίαν	3
καταστροφήν	3
καταστροφή	3
καταγωγής	3
κατ	3
κασταμονή	3
καραμανλή	3
καρά	3
κανονίζνε	3
κανονίζ	3
καμερούν	3
καλόδιον	3
καλατςεύ	3
καλίον	3
καλή	3
κακάου	3
καθολικόν	3
καζα	3
καβάλα	3
κίνας	3
κίναν	3
κίνα	3
κάτοικοι	3
κάπου	3
κάποια	3
κάμερον	3
ιταλία	3
ιστοριογραφίας	3
ιστορικού	3
ισραήλ	3
ισπανικόν	3
ισπανίαν	3
ισπανία	3
ισλανδία	3
ισαάκ	3
ινδίαν	3
ινανεύνε	3
ιμπν	3
ιερουσαλήμ	3
ιδέας	3
ι	3
θυσίαν	3
θεόν	3
θερμοκρασία	3
θεοδωράκη	3
θεοδοσία	3
θανή	3
θαλασσίων	3
θαλασσάκρην	3
θέατρον	3
ην	3
ηλίας	3
ζωγραφίζ	3
ζούνε	3
ζούν	3
ζαχαροπλαστεία	3
ζαπορίζια	3
ζέζεναϊμ	3
ζάχαριν	3
εὐρίουνταν	3
εψήφσαν	3
εχάτεψαν	3
εφτάμ’	3
εφαρμόζκεται	3
εφέκεν	3
ευρώπη	3
ευρίσκεται	3
ευπατορία	3
ευπάτωρ	3
ευξείνου	3
εταιρίαν	3
εσυνεργάστε	3
εσκάλωσεν	3
εσθονικά	3
εσθονία	3
εςχ	3
ερώτησεν	3
ερυθρόν	3
ερούξεν	3
ερμηνευτής	3
εριστέας	3
ερζερούμ	3
επόρνεν	3
επτά	3
επρότεινεν	3
επροσπάθησεν	3
εποχήν	3
επορούν	3
επορεί	3
εποίνεν	3
επιστημονικά	3
επιστήμονες	3
επιστήμας	3
επεξεργαστίων	3
επανάστασην	3
επαίρ	3
επαίνεν	3
επίρρημαν	3
επίθετον	3
επέρασαν	3
επέμνανε	3
επέθανεν	3
επ	3
εξεκίνησεν	3
εξέρ	3
εξ	3
ενών'νε	3
ενός	3
ενωμένα	3
εννέα	3
εναντίον	3
ενίκεσαν	3
εμπρολάλεσεν	3
εμπορούν	3
εμπαίν	3
ελληνικής	3
ελλενικός	3
ελλάς	3
ελεύθερου	3
ελευθερία	3
ελέπ	3
εκτός	3
εκτιμάταιν	3
εκράτησεν	3
εκλέχθεν	3
εκείνεν	3
εκείνα	3
εινός	3
εικόνας	3
ειδικού	3
εθνική	3
εζήνανε	3
εζήναν	3
εδώκεν	3
εδούλεψενατο	3
εδέβασεν	3
εγκυκλοπαίδειαν	3
εγκλεσίαν	3
εγκλεσία	3
εγεννέθαν	3
εγγλέζικα	3
εγγενέθεν	3
εαυτόν	3
είμαι	3
ε	3
δυνάμεις	3
δυενών	3
δρόμον	3
δουλεύ	3
δισκογραφίαν	3
διαφορομορφιζμίων	3
δημοφιλέστερον	3
δεκαετίαν	3
δεαβάστεν	3
δίσκου	3
δίσκονος	3
δίσκοι	3
δίσημον	3
δήμον	3
δήμαρχος	3
δέσκαλον	3
δέκατον	3
γραφ	3
γραμματικής	3
γραμματική	3
γράφκεται	3
γνωστού	3
γλύκισμαν	3
γλωσσολογία	3
γκέοργκ	3
γκö́τονος	3
γκö́τε	3
γιουγκοσλαβικόν	3
γιοκοχάμα	3
γιαρτίμ	3
γιαρέμτσε	3
γιαμ	3
γιάννης	3
γιάννες	3
γιάν	3
γιάλτα	3
γης	3
γεώργιον	3
γεωργ	3
γεωγράφον	3
γερμανικόν	3
γενοκτονιαν	3
γενοκτονίαν	3
γεγονός	3
γαρήνατ	3
γαρήδες	3
γαρή	3
γαράσαρης	3
γάλεα	3
βόλος	3
βυζάντιον	3
βριλήσσια	3
βραζιλίαν,η	3
βραζιλίαν	3
βρέχουμαι	3
βουνόν	3
βουλευτής	3
βουλγαρίας	3
βοσνία	3
βορειάν	3
βοήθεια	3
βιόν	3
βιομηχανίαν	3
βικιπαίδειας	3
βιγιένα	3
βιβλίον	3
βενιζέλος	3
βαϊμάρη	3
βαρδάρ	3
βίλαντ	3
βέλγιον	3
αύγουστονος	3
αχουλής	3
αφήγαν	3
αυτοδίδακτος	3
αυστραλίαν	3
αυστρίας	3
ατοίν	3
ατοί	3
ατεινέτερων	3
ατείντς	3
ατέ	3
αστρονόμον	3
ασ'ολίγα	3
αρχαίος	3
αρχής	3
αρχάς	3
αρταξέρξη	3
αρμιάνσκ	3
αριστερά	3
αργότερα	3
αργεντίναν,η	3
αραπάτα	3
αραέτς	3
αραέβετε	3
απόν	3
απόθεν	3
απυστεραίας	3
αποτελεί	3
αποστολικόν	3
απλόν	3
απλά	3
απέθανεν	3
αούτο	3
αούτα	3
αντισθένες	3
ανταλλαγή	3
αντίταυρος	3
αντί	3
ανοιχτόν	3
ανθρώπων	3
ανεφορίτσα	3
ανεξαρτησίαν	3
ανδόρρα	3
ανατολικού	3
αναλλ΄εότητα	3
ανήκει	3
ανήκε	3
αμον	3
αμερικής	3
αμερική	3
αμα	3
αμέσως	3
αμάσεια	3
αμάν	3
αλούστα	3
αλούπκα	3
αλκαλίων	3
αλατςάμ	3
αλήγορον	3
ακούγνε	3
ακκαδικόν	3
ακαικά	3
αιτία	3
αθρώπς	3
αζερμπαϊτζάν	3
αεργίτεν	3
αείκα	3
αδερφός	3
αδερφέσαν	3
αδελφού	3
αγούρτς	3
αγίου	3
αγία	3
αβρίλ	3
αίγυπτος	3
αέτσ	3
αέριον	3
ίων	3
ίδρυσεν	3
ίαν	3
ήταν	3
ήλιονος	3
ήλιον	3
έχπασαν	3
έχει	3
έτος	3
ές	3
έρται	3
έπαιζεν	3
έπαιζαν	3
έν’	3
ένωσης	3
ένωση	3
ένοιξεν	3
έν´	3
έμορφα	3
έμαθαν	3
έκτον	3
έκλωσεν	3
έζησεν	3
έδωκενατον	3
έδωκεν	3
έδωκαν	3
έδρα	3
έγραφεν	3
έγνεν	3
έβδομον	3
άχρωμον	3
άρθρον	3
άοσμον	3
άννα	3
άλυ	3
άκλιτα	3
άκαμψη	3
άθρωπος	3
άγιον	3
άγευστον	3
‘τουν	2
ῥωμαίων	2
ὲν	2
ὁλίγον	2
ὀδοῦ	2
ἱστορικῆς	2
ἠ	2
ἔχ	2
ἔλλαξεν	2
ἔδεσσας	2
ἔδεσσα	2
ἐρείπια	2
ἐργων	2
ἐπορούμε	2
ἐπανίδρυσεν	2
ἐπαίραν	2
ἐπί	2
ἐλλενικόν	2
ἐθαρρούνε	2
ἐδῶκεν	2
ἐγνατίας	2
ἐγκύκλιος	2
ἐγκυκλοπαίδεια	2
ἐβρενός	2
ἄς	2
ἂλλο	2
ἀχμέτ	2
ἀτοῦν	2
ἀτά	2
ἀτ'ς	2
ἀσ'ἀρχαῖον	2
ἀμα	2
ἀκρόπολην	2
ἀθῆναι	2
ϛαίξπηρ	2
ώστε	2
ώραν	2
ώκλαντ	2
ύπνο	2
ύπατης	2
ύμνους	2
ύλεψεν	2
όχημαν	2
ότμαρ	2
όταν'έρθε	2
ότ	2
όσοι	2
όσλο	2
όρους,φτάοντας	2
όρκον	2
όρη	2
όργανα	2
όποτε	2
όποι	2
όπερα	2
όπ	2
όντα	2
όνοματη	2
όνεμανατουν	2
όμιλος	2
όμιλον	2
όμηρον	2
όλϊα	2
όλον	2
όλαφουρ	2
όθεν	2
ωτίν	2
ωρυκτολογίας	2
ωμότετες	2
ωμαι	2
ωκεανογραφίαν	2
ωδείον	2
ωδίων	2
ωβά	2
ψιλωτός	2
ψηφοφορίαν	2
ψηλόρραχον	2
ψηλά	2
ψευδώνυμον	2
ψευδώνυμα	2
ψαράς	2
ψέεται	2
ψάρεμαν	2
ψ	2
χώρον	2
χώρισαν	2
χώρες	2
χώρας.ατουκά	2
χώραι	2
χόσνι	2
χόλυγουντ	2
χωρίων	2
χωρίου	2
χωρίζνε	2
χωρίετεν	2
χωρί	2
χωράφαιατουν	2
χωράφαι	2
χτισμέντζα	2
χτισμένον	2
χταλεύει	2
χτίζομε	2
χτίζ	2
χτίετεν	2
χρώμαν	2
χρύσανθος	2
χρόνä	2
χρόν	2
χρυσός	2
χρονιας	2
χριστούγεννα	2
χριστουγεννάρτ	2
χριστουγεννάρ	2
χριστιανών	2
χριστιανικόν	2
χριστιανικού	2
χριστιανικής	2
χριστιανάντ	2
χριστανάρτς	2
χρησμόν	2
χρησιμοποιεί	2
χρήστον	2
χουλιόν	2
χουλέρ	2
χου	2
χορός	2
χορόντας	2
χορεύν	2
χορεύκουτον	2
χορεύ	2
χορευτικά	2
χορέυνατον	2
χολάσκεται	2
χο	2
χλώριον	2
χιόναι	2
χιλιομέτρα	2
χιλήν,η	2
χιλήν	2
χιλέ	2
χημικών	2
χημικό	2
χημικήν	2
χημεία	2
χενριέτε	2
χελιδόνα	2
χειρσφαίριση	2
χαϊδάρ	2
χαϊβάνεα	2
χατεύτεν	2
χατεύσνε	2
χατίρ	2
χασάπικον	2
χαρεμέντσα	2
χαρακτηριστικά	2
χαράντας	2
χαπέρ	2
χαμηλότερον	2
χαμελός	2
χαμελόν	2
χαλκιδικής	2
χαβίτς	2
χέρςελ	2
χέριανατουν	2
χέρια	2
χένρικ	2
χάτευσον	2
χάταλον	2
χάσλερ	2
χάρτας	2
χάρις	2
χάραλντ	2
χάνταν	2
χάινριχ	2
φύσην	2
φύγον	2
φως	2
φωνητικόν	2
φωνήματα	2
φωκεάδες	2
φυτόν	2
φυτεύνατα	2
φυτευτής	2
φυσικός	2
φυσικόν	2
φυσικού	2
φυσικής	2
φυσικήν	2
φυσικάς	2
φυσικά	2
φυλακήν	2
φυλάετ	2
φτάνε	2
φτάγ	2
φρούτα	2
φρανσουά	2
φράση	2
φούντα	2
φουάντ	2
φοράν	2
φοιτητής	2
φο	2
φλώριναν	2
φλωρεντίαν	2
φλωρίνης.σα	2
φινλανδικά	2
φινλανδία	2
φιλόλογον	2
φιλοσόφου	2
φιλοσοφίων	2
φιλοσοφία	2
φιλοσοφάντων	2
φιλολογικόν	2
φιλολογική	2
φιλολογικά	2
φιλολογίαν	2
φιλιππούπολης	2
φιλιππούπολην	2
φιλικού	2
φιλεμόν	2
φιλίππους	2
φιλίππονος	2
φιγούρας	2
φεύγει	2
φερ	2
φενόμενον	2
φεβρουάριος	2
φαραντούρην	2
φαντασία	2
φανερώνομε	2
φανερώνε	2
φανερίζ	2
φαμέλιαν	2
φαινόμενον	2
φαινόμενα	2
φαΐουνταν	2
φαΐζνε	2
φαΐα	2
φίλους	2
φίλοι	2
φίλιππο	2
φέρες	2
φέρεντς	2
φέρ	2
φένετς	2
φέγγος	2
φάνθαν	2
φάμπρικεσατς	2
υψώματα	2
υψόμετρον	2
υστερνία	2
υστερνά	2
υπό	2
υποχρεωτεκήν	2
υπουργόν	2
υπουργικά	2
υποστηρικτές	2
υποπρόξενον,κατόπιν	2
υπολογιστικούς	2
υπολογιστήνατουν	2
υπογράφ	2
υπηρέτησεν	2
υπεστήριζεν	2
υπεροχήν	2
υπερδνειστερίαν	2
υπήρξε	2
υπέστεσαν	2
υπέρμαχον	2
υπέγραψεν	2
υπάρχνε	2
υπάρχει	2
υπάλληλον	2
υιοθεσίαν	2
υδρολογίαν	2
υδρογόνο	2
υ	2
τ’ομμάτεα	2
τ’ατόν	2
τ’ατέν	2
τ’αλλτς	2
τ’έναν	2
τ’άλλο	2
τῶν	2
τῆ	2
τύπον	2
τύνιδα	2
τότε	2
τόσιαν	2
τόπος	2
τόπονος'ατς	2
τόπονος	2
τόπι	2
τόνυας	2
τόνον	2
τόνεμα	2
τόμας	2
τυχαία	2
τυρανίουμαι	2
τυρίν	2
τυράννιον	2
τσουπώνουμε	2
τσορούχ	2
τσιτσάνη	2
τσεχίας	2
τσεχίαν	2
τσεχία	2
τσαΐ	2
τσίπρας	2
τσίπρα	2
τσίγκι	2
τσάρλς	2
τσάμπασιν	2
τςιπς	2
τςιπ	2
τςέλον	2
τρώμ΄ατά	2
τρυπίν	2
τρυγόναν	2
τρυγομυνά	2
τρυγομηνάν	2
τροχούς	2
τροχοφόρον	2
τριετ	2
τριαρόπα	2
τριανταφυλλίδης	2
τριαντάφυλλο	2
τρηγομηνά	2
τραϊανός	2
τραωδούν	2
τραχτόρ	2
τραφωδίας	2
τραπεζούς	2
τραπέζϊα	2
τρανότερα	2
τρανότατος	2
τρανούς	2
τρανομάρτυρτς	2
τρανα	2
τρανή	2
τρανέσαν	2
τρανέσα	2
τραγωδεί	2
τραγωδίασατουν	2
τραγωδίαν'ατ	2
τραγωδία	2
τραγωδένος	2
τραγούδιν	2
τραγουδοποιός	2
τραγουδοποιόν	2
τραγουδιστής	2
τραγοδίαν	2
τραγανά	2
τρίτη	2
τρίσημον	2
τούρκον	2
τούρκοι	2
τούρκο	2
τούρκικόν	2
τούρκ	2
τούμπα	2
τουφέκιαν	2
τουσμάντς	2
τουρκικές	2
τουρκαλάντων	2
τουρκία).τραγωδεάνος	2
τουλούμ	2
τουλούζ	2
του,σο	2
τοσημερνά	2
τορώνην	2
τορωναίον	2
τορκουάτο	2
τορκικός	2
τορίν	2
τοποίου	2
τοπλαέβνε	2
τοπικός	2
τοπικόν	2
τοπί	2
τοπέανατουν	2
τοπέανατ	2
τοπέαν	2
τοξάρ	2
τονέματα	2
τοκάτην	2
τμήματα	2
τιφλίδα	2
τισσαφέρνη	2
τιρτέβ	2
τιμόφτι	2
τιμόρ	2
τιμούν	2
τιμήν	2
τιμάται	2
τιδέν	2
τιβέριον	2
τημιλέτου	2
τηλεόρασης	2
τηλεόραση	2
τηλεοπτικούς	2
τηλεθεατών	2
τηδέν	2
τηγάν’	2
τηγάν	2
τζέφρι	2
τεχνοτροπίαν	2
τετραγώνικα	2
τετάρτη	2
τες	2
τερέστε	2
τεπέ	2
τενεκετζής	2
τεν	2
τελικά	2
τελεοπτικόν	2
τελειών'νε	2
τελειών	2
τεκτονικά	2
τεά	2
ταύρος	2
ταύροις	2
ταχύτητας	2
ταχυτητίων	2
ταχσίν	2
τατό	2
τατζικιστάν	2
ταράζομε	2
ταράζομ'ατα	2
ταξικάς	2
ταξιδί	2
ταξίδ	2
ταν’θρώπς	2
τανυστικού	2
τανυστή	2
τανζανίαν	2
ταναναρίβην	2
ταν	2
ταλίν	2
τακτικοί	2
τακάτ’	2
ταγουτέβσαν	2
ταγίπ	2
τίτλος	2
τίρανα	2
τήρων	2
τέξτορ	2
τένεδος	2
τάσσο	2
τάρανταν	2
τάραντα	2
τάρα	2
τάξην	2
τάνκς	2
τάματα”	2
τάλεμαν	2
τ΄ανεβασμένον	2
τ.χμ	2
τ'όνομανατ	2
τ'όλα	2
τ'υπολογιστίων	2
τ'ς	2
τ'οσημερνά	2
τ'ορντούς	2
τ'οποία	2
τ'ονέματα	2
τ'ευρωπαϊκά	2
τ'εποίκαν	2
τ'ελλενιστικόν	2
τ'ελλενικά	2
τ'ελλένων	2
τ'ελαφρύτερον	2
τ'ελάδ	2
τ'εβρεμμένον	2
τ'αχούλ	2
τ'ατουνού	2
τ'ατεινέτερων	2
τ'ατέν	2
τ'αρχικόν	2
τ'αρχαίων	2
τ'ανανήβ’	2
τ'αλέυρ	2
τ'αθρωπί	2
τ'αδέλφε	2
τ'αβούτο	2
τ'έναν	2
τ'άλογον	2
σ’έξι	2
σὰ	2
σώος	2
σώματος	2
σύχρονον	2
σύρομ’	2
σύρομε	2
σύνταγμαν	2
σύνολον	2
σύνδεσμοι	2
σύμφωνα	2
σύδνεϋ	2
σύδεσμου	2
σύγχρονους	2
σύγχρονα	2
σύγχιση	2
σύγγραμμα	2
σόφια	2
σόλωνος	2
σόκρατες	2
σόδαν	2
σωστόν	2
σων	2
σωκράτε	2
σωβινισμού	2
σχολήν	2
σχετικών	2
σχετικούς	2
σχήμαν	2
σχέδιον	2
σφραγίζνε	2
συχνά	2
συστέματα	2
συρία	2
συνόρ	2
συντόμευσην	2
συντεταγμένας	2
συνταγματαρχίων	2
συνορεύνε	2
συνθήκη	2
συνθήκες	2
συνθέτης	2
συνθέτες	2
συνθέτας	2
συνεχίζ	2
συνεργασίαν	2
συνεργασία'τ	2
συνεργάτεν	2
συνεργάσκουτον	2
συνεργάσκουσαν	2
συνεργάσκουνταν	2
συνελεύσης	2
συνελεύση	2
συναυλίας	2
συναλλοιότητα	2
συναλλ΄εότητας	2
συνήθειασ’ατ	2
συνέχειαν	2
συνέχεια	2
συνέταξεν	2
συνέπεσε	2
συνέδριον,ντο	2
συν	2
συμφωνία	2
συμφοράς	2
συμμετρία	2
συμμετοχήν	2
συμμετοχές	2
συμμετείχαν	2
συμμετέχουν	2
συμμετέχειν	2
συμμετέχει	2
συμμάχους	2
συμβολίζ'νε	2
συμβαντίων	2
συλλογή	2
συγκόλληση	2
συγκόλησην	2
συγκροτήματα	2
συγκεκριμένον	2
συγκεκριμένα	2
συγκατέχνε	2
συγγραφικόν	2
συγγραφήν	2
στωικισμή	2
στροφάς	2
στρογιμίρ	2
στρατώνας	2
στρατός	2
στρατον	2
στρατιώτης	2
στρατιώτας	2
στρατιωτικού	2
στρατιωτικής	2
στρατιωτική	2
στρατηών	2
στρατηλάτη	2
στρατηγός	2
στρατηγού	2
στρασβούργο	2
στράβωνος	2
στράβωνας	2
στουτγκάρδη	2
στουρνάρη	2
στου	2
στορκ	2
στοκχόλμη	2
στοιχειακήν	2
στοιχείων	2
στοίχισε	2
στιρίχκουνταν	2
στιλ	2
στηρίχκεται	2
στεφάνου	2
στερεόν	2
στελλάκη	2
στελιον	2
στελέχη	2
σταυρόν	2
σταυρωτές	2
σταυρού	2
σταθμός	2
σταθμοί	2
σταδί	2
στίχοι	2
στίπε	2
στέφανος	2
στέφαν	2
σπύρος	2
σπούδαγμαν	2
σπουδαίαν	2
σπονδυλωτά	2
σπλιτ	2
σπιτνετουν	2
σπείρσιμον	2
σπαθία	2
σπαγαδες	2
σπίριτς	2
σπένσερ	2
σοφίαν	2
σους	2
σουρμενιτών	2
σουλτάνος	2
σουλτάνον	2
σουηδικόν	2
σουηδίας	2
σουηδία	2
σουδάν	2
σοσιαλιστικόν	2
σοσιαλιζμόν	2
σογανλί	2
σοβαρός	2
σοβαρόν	2
σοβαρά	2
σμυρνέικην	2
σμαραγδίας	2
σλοβενικά	2
σλοβενίαν	2
σλοβάκικα	2
σλάβς	2
σκόπια	2
σκωτσέζον	2
σκυδίση	2
σκούτον	2
σκοτούνατους	2
σκοτίαν	2
σκοτία	2
σκοπόν	2
σκολείον	2
σκηνοθέτες	2
σκεπαζμένον	2
σκαλοπάτια	2
σκάνια	2
σισίλια	2
σιρόπ	2
σινώπη".η	2
σινωπεύς	2
σικελίας	2
σιθωνίας	2
σιέρας	2
σιέναν	2
σημιτικόν	2
σημερνόν	2
σημερινήν	2
σημερ'νόν	2
σημειώματα	2
σημαντικών	2
σημαντικότερα	2
σημαντικά	2
σημαίνει	2
σημαίαν.σα	2
σημέν	2
σημέιον	2
σεύθη	2
σερρών,σην	2
σερβικόν	2
σερβίας	2
σερβία	2
σερανίτσαν	2
σεπτέμβρη(σταυρίτε	2
σεναριογράφον	2
σεμπολλιέρα	2
σεμασίαν	2
σελτζούκ	2
σελίδιων	2
σεισμούς	2
σειράς	2
σειρά	2
σειμουγκόν	2
σεβταλίδικα	2
σεβταλής	2
σεβτά	2
σεβρών	2
σεβαστειαννά	2
σαχάν	2
σατς	2
σας	2
σαρλό	2
σαρκοζί	2
σαρδηνίαν	2
σαρακινοί	2
σαράγιεβο	2
σαξονίας-βαϊμάρης-αϊζεναχή	2
σαξονίας-βαϊμάρης	2
σαντο	2
σαντζάκ	2
σαν	2
σαμψούνταν	2
σαμουήλ	2
σαμοθράκη	2
σαλόνι	2
σαλονίκην	2
σαλονίκη	2
σαλονίκ	2
σαλί	2
σαγλάμψ	2
σαγκάη	2
σαβιέ	2
σαέβ’	2
σίτϊα	2
σίτε	2
σέρρες	2
σέρρας	2
σέρβικα	2
σάρδεις	2
σάνταν	2
σάιτ	2
σάββατο	2
σ'ἀτόν	2
σ'όλον	2
σ'όλ΄εα	2
σ'ωτίν	2
σ'οσπίτ'νατουν	2
σ'οσπίτ	2
σ'οσημερνόν	2
σ'οποία	2
σ'εναν	2
σ'εκείνα	2
σ'αραβικά	2
σ'αούτα	2
σ'αλβανικά	2
σ'αγγλικά	2
σ'έναν	2
σ'άούτον	2
σ'άλλα	2
σ'άλλ	2
ςκεύος	2
ςκέτα	2
ςεκέρ	2
ςέρρας	2
ρώμης	2
ρόμβον	2
ρωσίαν	2
ρωμυλίαν	2
ρωμιοσύνη	2
ρωμαϊκή	2
ρωμανίας	2
ρωμαιοκαθολικοί	2
ρωμαίικον	2
ρυθμόσατ	2
ρυθμόνατ	2
ρούζνε	2
ρουσσίας.σα	2
ρουσσάντ	2
ρουσοτουρκικόν	2
ρουσικόν	2
ρουσαντ	2
ρουσίας	2
ρουσία	2
ρουμανικά	2
ρουμάνικα	2
ρουζ	2
ρουέν	2
ρουάντα	2
ροστόβ	2
ροκοκό	2
ροκ	2
ρικό	2
ριζό	2
ριζούντας	2
ριζούντα	2
ρετζέπ	2
ρεντσιπέρτς	2
ρενέ	2
ρεμπέτικης	2
ρεμπέτικην	2
ρεκόρ	2
ραχίατ	2
ραχίας	2
ραχί	2
ρασώπα	2
ρασιοσειράς	2
ρασία	2
ρασήν	2
ραντ	2
ρακία	2
ραιτορομανικά	2
ραζοελίνα	2
ραδιοτηλεοπτικής	2
ραββίνος	2
ρίτσονος	2
ρίζας	2
ρίγα	2
ρέυκιαβικ	2
ρέντελ	2
ράσμουσεν	2
ράγκναρ	2
π’φταίγνε	2
π’ετύπωσαν	2
π’	2
πὼς	2
πώς	2
πύργου	2
πότε	2
πόσο	2
πόρτας	2
πόρα	2
πόντουν	2
πόντο	2
πόντιος,ο	2
πόνια	2
πόλιτείαν	2
πόλιν	2
πόλεις	2
πωλείατα	2
πυρηναία	2
πυλαία	2
πτώσης	2
πτουμλού	2
πτάνειν	2
πς	2
πρώτους	2
πρώτοιν	2
πρώτο	2
πρώτην	2
πρώιμα	2
πρόσωπον	2
πρόσφυγες	2
πρόσφηγοι	2
πρόσθεμαν	2
πρόλαβαν	2
πρόδρομον	2
πρόατον	2
πρωτόκολλον	2
πρωτομαστόρ	2
πρωτεύουσας	2
πρωτεύουσανάτς	2
πρωτεύουσάν	2
πρωσία	2
πρωθυπουργούν	2
πρωθυπουργοί	2
προϊόν	2
προφέρκουνταν	2
προφέρκεται	2
προτροπήν	2
προτεστάντ	2
προσωπικόν'ατ	2
προσωπικούς	2
προσωνύμ	2
προσφυγικόν	2
προσφυγικό	2
προσφυγίαν	2
προσπάθειας	2
προσπάθειαν	2
προσμονή	2
προσδιορίζ'νε	2
προσέσορας	2
προρομαντικόν	2
προορισμόν	2
προκύπτει	2
προετοιμασίαν	2
προεστού	2
προεδρικήν	2
προγραμματιστές	2
προγραμματισμός	2
προγραμματισμού	2
προβλήματα	2
προατάς	2
προέρχεται	2
προάστιον	2
πριγκηπάτο	2
πρεσβευτής	2
πρεσβευτήν	2
πρεπ	2
πραξικόπημαν	2
πραματικά	2
πρακτικήν	2
πραγματοποιέθεκαν	2
πρίστινα	2
πρίγκηπας	2
πρέσοβ	2
πρέπει	2
πρέβεζα	2
πράξενο	2
πράγα	2
πού	2
πουτίν	2
πουλεμάτων	2
πουλίσκεται	2
πουλίεται	2
πουλάβι	2
πουέρτο	2
ποταμούς	2
ποταμ	2
ποτάμιν	2
πορτογαλικόν	2
πορτογαλίαν	2
πορτογαλία	2
πορτογάλλους.τα	2
πορείαν	2
πορεί	2
ποπά	2
ποπ	2
ποντου".η	2
ποντιοι	2
ποντιακής	2
ποντιακήν	2
ποντιακή	2
ποντγκόριτσα	2
πονταίικης	2
ποντί	2
ποντέικου	2
πολύμαθον	2
πολύγλωσσα	2
πολύβιονος	2
πολωνικόν	2
πολωνίαν	2
πολυεθνικού	2
πολλιές	2
πολλα	2
πολλάν	2
πολιτιστικών	2
πολιτιστικόν	2
πολιτιστικού	2
πολιτισμόν	2
πολιτισμού	2
πολιτισμικόν	2
πολιτικών	2
πολιτικον	2
πολιτικοί	2
πολιτικήνατς	2
πολιτική	2
πολιτείων	2
πολιτείες	2
πολιική,σουμά	2
πολεμιστής	2
πολεμεί	2
πολειτείας	2
πολίτευμαν	2
πολίτες	2
πολέμονος	2
ποιότηταν	2
ποιητικής	2
ποιητική	2
ποιητής-σατιρικός	2
ποδοσφαιριστής	2
ποίσναι	2
ποίσιμον	2
ποίον	2
ποίματα	2
ποίησηνατ	2
πλουταίνουμ	2
πληροφορά	2
πληθυσμών	2
πληθυσμός	2
πλεθυσμός	2
πλεθυσμόν	2
πλεθυσμού	2
πλεθεσμών	2
πλείονες	2
πλατύν	2
πλατωνικόν"-ντο	2
πλατινένιων	2
πλατινένιος	2
πλατανίων	2
πλαισίων	2
πλαίσ΄εα)·	2
πλαίσ΄εα	2
πλήρες	2
πλέον	2
πλέησε	2
πλάτωνος	2
πλάτονος	2
πλάτανα	2
πλάν	2
πλάκας	2
πλάκαν(στήλη	2
πλάκαν	2
πλάια	2
πικρής	2
πιζώντενς	2
πιερίαν	2
πιάσκουνταν	2
πιάνον	2
πηνελόπη	2
πηγή	2
πη	2
πεφτ	2
πετυχέν	2
πετρέλαιον	2
πετοσφαίριση	2
πεσκιοϊλού	2
πεςκιοϊλού	2
περσικόν	2
περσικού	2
περπινιάδης	2
περπινιάδην	2
περπινιάδη	2
περού,το	2
περιφέρειας	2
περιστολή	2
περισσά	2
περιςάντς	2
περιπετειώδης	2
περιοχέν	2
περιοχάς	2
περιορισμένον	2
περιοριζμένον	2
περιοδιόν	2
περιοδικό	2
περιληπτικόν	2
περιλαμβάουνταν	2
περικλείσκεται	2
περιεχόμενου	2
περιεχομένου	2
περιγραφήν	2
περιγράφτ	2
περγράφνε	2
περγαντή	2
περίοδο	2
περί	2
περά	2
πεντηκοστιανόν	2
πεντάσημον	2
πειραιεύς	2
πειραιάν	2
πεζόν	2
πεζογραφικόν	2
πεζιρκιάν	2
πεζικού	2
πατσής	2
πατριωτικού	2
πατριωτικά	2
πατρίδας	2
πατρίδανατουν	2
πατούσα	2
πατέρα	2
πασπαλιμένον	2
πασκάλ	2
πασά	2
παρωνύμια	2
παρωνύμ	2
παρχαρεύκεται	2
παρχαρίων	2
παρχάρε	2
παρυάδρη	2
παρουσιάσκεται	2
παρισί	2
παρθενώνας	2
παρθεναγωγείον	2
παρθένα	2
παραφινέλαιον	2
παρασκευόπουλον	2
παραλλαγήν	2
παρακολουθούν	2
παρακλάδ	2
παρακαλεί	2
παραδόσαι	2
παραδοσιακά	2
παραγουάην,η	2
παρίσιν.εσκότωσαν	2
παράσημον	2
παράλληλον	2
παράλια	2
παράδοσιν	2
παράδοσην	2
παράγεται	2
παρά	2
παπούλιας	2
παπούα-νέα	2
παντρέφκουνταν	2
πανθεσσαλονικιός	2
πανηγύρε	2
πανεπιστήμιον	2
πανεμιστήμιον	2
πανελλενικόν	2
πανελλήνιας	2
πανδωδεκανησιακόν	2
παναγούλη	2
παναγιώτη	2
παναγίας	2
παναΐα	2
παλιόν	2
παλεός	2
παλαλοί	2
παλαιστίνη	2
παλαιού	2
παλαιάς	2
παλάμες	2
πακιστάν	2
παιχνιδίων	2
παιδεία	2
παιδ	2
παθητικόν	2
παζαΐτη	2
παγκόσμιον	2
παγκοσμιότητος	2
παίρ’	2
παίρ	2
παίζνε	2
πίτσα	2
πίσω	2
πίστευα	2
πίνδαρον	2
πέρση	2
πέρσες	2
πέρασαν	2
πέμπτη	2
πέλαγον	2
πέζνε	2
πέει	2
πάφραν	2
πάτμου	2
πάτμον	2
πάσκουνταν	2
πάροδος	2
πάρμαν	2
πάρθεν	2
πάπυρον	2
πάπα	2
πάνων	2
πάλκον	2
πάικο	2
πάθεμαν	2
π.χ.το	2
π.γ.δ.μ	2
π'ἐκατέλαβεν	2
π'σουδάζνε	2
π'θέλνε	2
π'εφώτσαν	2
π'αγαπίουσαν	2
π'έτον	2
π'έδωκεν	2
οὗλτς	2
οὖς	2
οἱ	2
οἰκισμόν	2
ούσα	2
ούνταν	2
ούμερ	2
ούλον	2
ούλην	2
ούγγρικα	2
οψάραι	2
ουστά	2
ουσίας	2
ουρχέλ	2
ουρογουάην,η	2
ουρανός	2
ουραλικά	2
ουρά	2
ουμαι	2
ουλ	2
ουκρανική	2
ουκρανίας	2
ουκρανία	2
ουδέτερον	2
ουγκάντα	2
ουγγρικά	2
ουγγαρίας	2
ουγγαρίαν	2
ουγγαρία	2
ουαλία	2
ουέλλινγκτον	2
ου	2
οταν	2
οστεολογίας	2
οσπίτνατ	2
οσπίτ	2
οσημερνά	2
ορχήστρας	2
ορταρόπ	2
ορισμένον	2
ορισμένα	2
οριαστά	2
ορθοδόξους	2
ορθοδόξου	2
ορθοδοξία	2
ορθογραφίαν	2
ορθής	2
οργανωμένον	2
οργανούνται	2
οπότε	2
οποίος	2
οποίαν	2
οπαδόν	2
οπ	2
οξειδώνετ	2
οξέας	2
οντότηταν	2
ονομασίας	2
ονομασίαν	2
ονομάστηκε	2
ονομάσκεται	2
ονομάζουντο	2
ονεματί	2
ονέρ’τα	2
ονέματατουν	2
ονέματ	2
ονέμανατ'σ	2
ομώνυμου	2
ομοσπονδιακόν	2
ομορφέσσα	2
ομνέζ'νε	2
ομνέζ	2
ομηρικά	2
ομάτ	2
ομάλ	2
ομ΄εομορφιδίων	2
ολόκληρον	2
ολόεν	2
ολλανδίας	2
ολλάντ	2
ολιόπον	2
ολίον	2
ολάντσ	2
ολάκερα	2
ολ	2
οκτώ	2
οκσςουκές	2
οινόη	2
οικός	2
οικουμενικά	2
οικουμένης	2
οικονομολόγος	2
οικονομολόγον	2
οικογενειας	2
οικογένειασατ	2
οικογένεια	2
οικογένεαν	2
οικισμούς	2
οικίαν	2
οθωμανόν	2
οθωμανικήν	2
οηε	2
οδό	2
οδήησεν	2
ογλήορα	2
οβελίκον	2
ξύλων	2
ξύγαλαν	2
ξεχωρίζνε	2
ξεραίντανε	2
ξενοφώντα	2
ξενιτάντ	2
ξενικά	2
ξεκίνεμα	2
ξανθόπουλον	2
ξαμ	2
ξακουστός	2
ξέρωμε	2
ξάνθη	2
ξάδεργος	2
ξ	2
νότιο	2
νόμονος	2
νόμο	2
νόμ'ς	2
νόμ	2
νυχτώνει	2
ντ’έγραψεν	2
ντςένη	2
ντουνγκ	2
ντουμανλί	2
ντουάλα	2
ντεμάντα	2
ντελί	2
ντεβλετή	2
νταράλας	2
νταουλτζής	2
νταγλαρί	2
ντάλια	2
ντ'ἐγεννέθεν	2
ντ'εφτάειατα	2
ντ'ευρίεται	2
ντ'επυλέθεν	2
ντ'εποίνανε	2
ντ'εποίκενατο	2
ντ'εποίκενατα	2
ντ'εποίκεν	2
ντ'εξεκίνησεν	2
ντ'εγεννέθαν	2
ντ'έλεεν	2
ντ'έκουσεν	2
ντ'έκουεν	2
νούνισμαν	2
νούνιγμανατ	2
νουνισματί	2
νουνίζ	2
νορμανδικόν	2
νορβηγία	2
νομς	2
νομούς	2
νομού.οσήμερον	2
νομολόγον	2
νομικός	2
νομικόν	2
νομικής	2
νομικά	2
νοματούς	2
νομία	2
νομάτοι	2
νικόπολιν	2
νικόπολης	2
νικουν	2
νικολάε	2
νικολά	2
νικητές	2
νικήτην	2
νηστεύνε	2
νησιωτικόν	2
νησιωτικό	2
νησίων	2
νησί	2
νεότουρκων	2
νεφτάει	2
νερά	2
νεπάλ	2
νεολατινικόν	2
νεολαίαν	2
νεολαία	2
νεοελλενικά	2
νεγκάζ	2
νείλο	2
νεάπολη	2
νδ	2
νγουϊέν	2
νγκουϊέν	2
ναύτικα	2
ναυτικούς	2
ναυαρίνον	2
νατς	2
νατο	2
νατάσσαν	2
νατ	2
ναρκωτικά	2
ναούσης	2
ναντίον	2
ναντ	2
ναι	2
ναβάντα	2
να'φτάμε	2
νίκον	2
νίκολα	2
νίκο	2
νίκη	2
νίκαια	2
νήσωνον	2
νήσον	2
νέονος	2
νέον	2
νέο	2
νέαν	2
ν'εφτάει	2
ν'επαίρ	2
ν'ατ	2
ν'αγωνίσκεται	2
μ’έκταση	2
μύθον	2
μόσχαν	2
μόσχα	2
μόραγκ	2
μόντι	2
μόνος	2
μόνοι	2
μωρά	2
μωαμεθανούς	2
μωάμεθ	2
μυτίν	2
μυστικισμόν	2
μυρίονες	2
μυθιστορημάτων	2
μπύρας	2
μπόικο	2
μπροστά	2
μπριόν	2
μπρεστ-λιτόφσκ	2
μπρατισλάβα	2
μπουτάν	2
μπουρούντι	2
μπορντό	2
μπορεί	2
μπορίσωφ	2
μπιθικώτση	2
μπιγιά	2
μπετέλ	2
μπεσκιοϊλού	2
μπερίσα	2
μπενεντετίνι	2
μπεν	2
μπαϊμπούρτ	2
μπασέσκου	2
μπαρετο	2
μπαμίρ	2
μπακού	2
μπαγλαμάς	2
μπέριςς	2
μπέρζινς	2
μπέντερ	2
μπάσο	2
μπάνια	2
μπάλτσιν	2
μούστας	2
μούστα	2
μουσουλμανικά	2
μουσουλμανάντ	2
μουσικών	2
μουσικήνατουν	2
μουν	2
μουμπάρακ	2
μουκάθιο	2
μουδανιά	2
μορφώσεως	2
μορφώθεν	2
μορφολογίαν	2
μορφής	2
μορφήνατου	2
μορφή	2
μορφές	2
μοριακήν	2
μονόν	2
μονό	2
μοντρεάλη	2
μοντέλα	2
μοναστήρ	2
μοναρχίαν	2
μονακό	2
μονής	2
μολδαβίας	2
μολδαβίαν	2
μολδαβία	2
μολδαβέικα	2
μοιάζνε	2
μογγολίαν	2
μνεμόνιον	2
μνήμην	2
μνήμες'ατ	2
μνέμη	2
μιχαηλίδη	2
μισθοφόρος	2
μινος	2
μινκόφσκι	2
μιλτιάδη	2
μιλήσιοι	2
μιλέτε	2
μιλάς	2
μιλάνον	2
μιλάμεν	2
μικρότερα	2
μικρός	2
μικροπροσέσορας	2
μικραν	2
μικρίκον	2
μικρές	2
μικράτατ	2
μικράτα'τουν	2
μικράν	2
μιθριδατικόν	2
μια	2
μηχανήν	2
μητρικόν	2
μηνού	2
μετσανάστευσαν	2
μετς	2
μετρικής	2
μετρικήν	2
μετεωρολογίαν	2
μετεχειρίστεν	2
μεταχειρίζουμες	2
μεταφυσικός	2
μεταφοράς	2
μεταφοράν	2
μεταφέρθέκαν	2
μετασκηματιζμούς	2
μεταξύν	2
μεταξυ	2
μεταξάς	2
μεταξά	2
μεταμόρφωσης	2
μεταλλικόν	2
μεταδίδεταιν	2
μεταβάλκουτον	2
μεταβάλκουνταν	2
μετάσχει	2
μεστζίτ	2
μεσοχώριν	2
μεσοστράτ	2
μεσοπλάγιν	2
μεσοπέδιν	2
μεσογείου	2
μεσαιωνικά	2
μεσαίωναν	2
μεσίου	2
μερέας	2
μεράν	2
μερ	2
μεξικόν,η	2
μεξικόν	2
μεμπαζάα	2
μελόπον	2
μελόνι	2
μελετητής	2
μελβούρνη	2
μελέτην	2
μελέτε	2
μελάν,ντο	2
μελά	2
μειζοτέρ	2
μεθόδιον	2
μεθολογική	2
μεγαλέξανδρον	2
μεγάλων	2
μεγάλου	2
μεγάλον	2
μεγάλη	2
μαύρου	2
μαχούμενων	2
μαχητικότητα	2
μαχαράνον	2
μαχαλάδας	2
μαυροβουνέικα/σέρβικα	2
ματσουκέτ	2
ματούρ	2
ματθαίον	2
μαστραπάν’	2
μασσαλίας	2
μασσαλία	2
μαςαίρ	2
μαρτύρων	2
μαρτύρεσαω	2
μαρσύας	2
μαρξάντων	2
μαρμαράν	2
μαρμαρά	2
μαρκόπουλος	2
μαρινέλλαν	2
μαρινέλλα	2
μαρίνον	2
μαρίνο	2
μαρίαν	2
μανόλης	2
μαντρίν	2
μαντείου	2
μαντείο	2
μανουηλάντων	2
μαναχός	2
μαναχό	2
μαναχά	2
μαλτέζικα	2
μαλακά	2
μακρύν	2
μακρόν	2
μακροβιότερους	2
μακεδόνες	2
μακεδονικού	2
μακεδονίαν,σο	2
μακαλίζ	2
μαθητάδες	2
μαθηματικός	2
μαθηματικόν-φυσικόν	2
μαθίζ’	2
μαθάνω	2
μαθάνουν	2
μαθάνουμε	2
μαθάνε	2
μαδρίτη	2
μαδέραν	2
μαγνησίας	2
μαγικόν	2
μαγδεβούργονος	2
μαγαζία	2
μαγαζί'νατ	2
μίλια	2
μίλητονος	2
μίκη	2
μίας	2
μία	2
μήναν	2
μέχρις	2
μέχρι	2
μέσων	2
μέσιτς	2
μέση	2
μέσα	2
μέρι	2
μέρη	2
μέξικον,η	2
μέλ’	2
μέλημαν	2
μέλη	2
μέλ	2
μέθοδους	2
μάχης	2
μάτσας	2
μάτσαν	2
μάρτιος	2
μάρμπαχ	2
μάριο	2
μάντσεστερ	2
μάναν’ατ	2
μάνα	2
μάλτας	2
μάλταν	2
μάλτα	2
μάκρος	2
μάκρον	2
μάκην	2
μάιστερ	2
μάικλ	2
μάθεμαν	2
μάηδες	2
μ'αλλουνούς	2
λὲγνε	2
λώματα	2
λύραν	2
λύκος	2
λύκον	2
λύκειον	2
λόγων	2
λόγοι	2
λόγιος	2
λόγιοι	2
λωζάνες	2
λυών	2
λυστρίν	2
λυριτζής	2
λυρικός	2
λυρικού	2
λυρικά	2
λυγίζνε	2
λούμπλιν	2
λουτροχώρι	2
λουξεμβούργο	2
λουξεμβουργιανά	2
λουλούδι	2
λουκιανού	2
λουκάς	2
λουθηρανικόν-προτεσταντικόν	2
λος	2
λονδίνου	2
λογοφέρκουσαν	2
λογοτεχνικά	2
λογοτέχνες	2
λογοκρισίαν	2
λογιζμού	2
λογαρίας	2
λογίς	2
λοΐζονος	2
λισαβώνα	2
λιουμπλιάνα	2
λιν	2
λιλ	2
λιβαδία	2
λιανοτράγουδων	2
λιανοτράγουδα	2
λι	2
λησμονών	2
λησμονημένος	2
λεχ	2
λευκορουσία	2
λεξικόν	2
λεξίων	2
λενα’την	2
λειψός	2
λειφτός	2
λειτουργείαν	2
λειτουργίαν	2
λείπ	2
λαϊκόν	2
λατινικήν	2
λατικινά	2
λατίνοι	2
λαρούται	2
λαπωνικά	2
λαοδίκεια	2
λαντίκ	2
λαζόπουλον	2
λαδ	2
λαήσκουνταν	2
λίτσασαν	2
λίτσασα	2
λίθιον	2
λίγους	2
λίγ	2
λίβερπουλ	2
λίβανος	2
λήμμαν	2
λέχκουτον	2
λέξεν	2
λένγατον	2
λέεται	2
λέγουνατο	2
λέγουν'ατα	2
λέγουματα	2
λέγοματα	2
λέγνατον	2
λέγνατοιντς	2
λέγνατεν	2
λέγν'ατέν	2
λάχανα	2
λάπτοπ	2
λάος	2
λάνγκεμα	2
λάμπου	2
κ’	2
κώστα	2
κύρτς'ατ	2
κύρον	2
κύριλλον	2
κόψιμο	2
κόφτομ'ατα	2
κόυζουμ	2
κόσοβον	2
κόσιτσε	2
κόρ’	2
κόρη	2
κόνγκ	2
κόμονς	2
κόμιξ	2
κόκκινον	2
κόκκινο	2
κόζμονοσεμουν	2
κόζμον	2
κωνσταντινούπολης	2
κωνσταντινουπολιτών)είναι	2
κωνσταντίνου.αντάμα	2
κωμόπολην	2
κωμωδίαν	2
κωμικόν	2
κυρουκά	2
κυριότερη	2
κυριλλικόν	2
κυριακή	2
κυρ	2
κυνοσκηφάλαι	2
κυνικών	2
κυνικόν	2
κυκλοφορίαν'ατ	2
κυκλοφορίαν	2
κυκλάμινο	2
κυδωνάς	2
κυβερνήτες	2
κυβέρνησης	2
κυβέρνησήνατ	2
κυανόν	2
κτοπισμούς	2
κςύνε	2
κςύζουμε	2
κςυμένον	2
κς	2
κρώμνην	2
κρύον	2
κρύα	2
κρυφοχριστιανόν	2
κρυφοχριστιανοί	2
κροατικά	2
κροατία	2
κριτικήν	2
κριμαϊκόν	2
κρεμόν	2
κρεβάτεα	2
κρατικής	2
κρατεί	2
κρατίδιον	2
κρασία	2
κρίστοφ	2
κρίστιαν	2
κρήτην	2
κράτονς	2
κράματα	2
κούτσουρο	2
κούρδικα	2
κούβελο	2
κούβαν	2
κοφτά	2
κουσπέν	2
κουρταρέφκουνταν	2
κουντούρονος	2
κουντούρ	2
κουνίν'ατ	2
κουμανλί	2
κουλτούρι	2
κουλτούραν	2
κουλανέυκεται	2
κουκούτς	2
κουκλοθέατρον	2
κουείζ	2
κουβέντα	2
κοτύωρα	2
κοτζαναστας	2
κοτζαναστάς	2
κοσμοπολίτικον	2
κοσμοπολίτης	2
κοσμοπολίτες	2
κοσμί	2
κοσμέτες	2
κορσικήν,ασ	2
κορνέλια	2
κοπεγχάγη	2
κοπανός	2
κοντόν	2
κονγκ	2
κομφούκιον	2
κομυνιςτις	2
κομυνιςτι	2
κομπιούτερ	2
κομοτηνήν	2
κομνηνοί	2
κομνηνάντων	2
κομμουνισμόν	2
κομμάτ’	2
κομιτάτων,έσκωσεν	2
κολομβίαν,η	2
κολομβίαν	2
κοινότητας	2
κοινόν	2
κοινωνιολόγος	2
κοινωνιολόγοι	2
κοινωνεολόγον	2
κοινωνεολογίας	2
κοινωνίας	2
κοινοτητας	2
κοιμούμ	2
κοζάνης.τα	2
κοζάνης	2
κοζάνην	2
κοζάνη	2
κλώσκουμαι	2
κλώσκεται	2
κλόσκουνται	2
κλόσκεται	2
κλόσκει	2
κλεφτ	2
κλεοδίκης	2
κλειστόν	2
κλαρκ	2
κλαουντεμιρ	2
κλαμένον	2
κλαις	2
κλίσκουνταν	2
κλίση	2
κλίμαν	2
κλάους	2
κλάδον,υπηρέτησεν	2
κιόλια	2
κιφάλν'ατ	2
κισινάου	2
κιρκλάρ	2
κιργιστάν	2
κιννγκ΄στον	2
κινηματογράφονος	2
κινεζικόν	2
κινεζικήν	2
κινδύνους	2
κινδυνεύει	2
κινήσεις	2
κινήματος.σα	2
κιλκίς	2
κιθαρτζής	2
κιζίλ	2
κιζίκ	2
κιζέλα	2
κιατσίτ	2
κιαραέτς	2
κιαλλο	2
κιαλαπάν	2
κιάλλα	2
κι'ατός	2
κηφάλν'ατουν	2
κηλαηδόνη	2
κεφάλαιον	2
κεφ	2
κετσινεύνε	2
κεσαπίδη	2
κερεκή	2
κερασούς	2
κερασινόν	2
κερασινό	2
κεραμικά	2
κερίμ	2
κεράσαι	2
κεπήν	2
κεντρικής	2
κεντρικήν	2
κείμενα	2
καύκασονος	2
καϊκτζής	2
καυκάσου	2
κατωχώριν	2
κατσίν	2
κατς	2
κατπατούκα	2
κατηγορίας	2
κατερίνη	2
κατερίνα	2
κατελέφθην	2
κατεβαίν	2
καταφέρ	2
κατατοπιστικόν	2
κατασκευήνατς	2
κατασκευάζματα	2
καταξιωμέντσαν	2
καταναλωτές	2
καταλωνικά	2
καταλανικά	2
καταγραφήν	2
κατήβα	2
κατέφυγαν	2
κατάστασην	2
κατάν	2
κατάλογος	2
κατάληξη	2
κατάγεται	2
καστοριάς,εγεννέθε	2
καστοριά	2
κασταμών	2
κασταμονής	2
κασταμονήν	2
κασπαρ	2
κασπίας	2
καρτερ	2
καρτέρεμα	2
καρσ	2
καρς-αρταχάν	2
καρντασιτ	2
καρλομάγν	2
καριέραν'ατ	2
καριέραν	2
καραιβικήν	2
καρίαν	2
καποδίστριας	2
καπνάς	2
καπνά	2
καπιταλιστικά	2
κανόνας	2
κανταδορίστικον	2
κανονικόν	2
κανονίσκουνταν	2
κανονίδης	2
κανονίδη	2
καναδάς	2
καναδάν	2
καναδά	2
κανέλλα	2
κανάραι	2
καμπέρα	2
καμίαν	2
καλομάναν	2
καλλιτέχνης	2
καλλιτέχνην	2
καλλιθέα	2
καλλιεργούνε	2
καλλιεργούμε	2
καλλέργης	2
καλεσματί	2
καλδάραν	2
καλατσεύ'νε	2
καλατσεματί	2
καλατσέβνε	2
καλατςέβνε	2
καλαποθαράκου	2
καλανταρτσ	2
καλαντάρτ	2
καλαμπόκι	2
καλαθοσφαίριση	2
καλής	2
καλένδαι	2
καλέθεν	2
καλάτσεψε	2
καλάνεμα	2
κακόν	2
κακουχίες	2
καιρόν	2
καιρού	2
καινούρεων	2
καινούρεου	2
καινούρεος	2
καινούρεον	2
καινούργεων	2
καθιστά	2
καθιερωμένα	2
καθαείς	2
καζαχστάν	2
καζαντζίδη	2
καζίνσκι	2
καζάν	2
καγκελαρέσαν	2
καγκελάριον	2
καβεάν,ρύζ,φρούκτα,τσάγια	2
καβαλκεύ	2
καβάλαν	2
καίτη	2
καίμπριτζ	2
καίγεται	2
κίσκα	2
κίνησην	2
κίνημαν	2
κίνεμαν	2
κί	2
κέστνερ	2
κέστερας	2
κένυαν	2
κέβιν	2
κάυκασον	2
κάτσα	2
κάστρον	2
κάσσανδρον	2
κάσπαρ	2
κάρολος	2
κάρολον	2
κάποιοι	2
κάναδαν	2
κάθουντον	2
κάθοδος	2
κ.τ.λ	2
κ,α	2
κ'εμπόρεσε	2
κ'εγράφταν	2
ιώνιον	2
ιωνικόν	2
ιωνίου	2
ιωαννίνων	2
ιωάννη	2
ιωάννες	2
ιωάννε	2
ιχνάραι	2
ιφιγένεια	2
ιταλοί	2
ιταλικόν	2
ισχυρά	2
ιστοτόπ	2
ιστοριογράφ	2
ιστορικά	2
ισπανικών	2
ισπίρ	2
ισπ	2
ισορροπίαν	2
ισλανδικά	2
ισλαμικόν	2
ισλαμ	2
ισλάμ	2
ισημερινού	2
ισίδωρο	2
ις	2
ιρλανδικά	2
ιρλανδίας	2
ιρλανδίαν	2
ιρλανδία	2
ιππέων	2
ιούνιος	2
ιούλιος	2
ιούλη(χορτοθέρτ	2
ιουλιανούν	2
ινστιτούτου	2
ινδονησία	2
ινδοευρωπαϊκά	2
ινδιάννοι,ισπανοί,πορτογάλς,εβραίοι	2
ινανέματα	2
ινέσκουνταν	2
ινάνευεν	2
ινάνεμα	2
ιμαλάια	2
ιλκάς	2
ιησού	2
ιεροκήρυκας	2
ιδρύθηκε	2
ιδιότητανατου	2
ιδιότηταν	2
ιδιότητα	2
ιδιωματικά	2
ιδιαιτέρως	2
ιδιαίτερον	2
ιδεαλισμός	2
ιδεαλισμού	2
ιδανικά	2
ιδέασατου	2
ιδέας(τρανέσσα	2
ιδέα).υιός	2
ιδέα	2
ιγ	2
ιβηρίων	2
ιβηρία	2
ιατρόπουλονος	2
ιανουάριος	2
ιαμαίκην	2
θωμάς	2
θωανία	2
θροφή	2
θρησκείαν	2
θράκης	2
θράκην,σο	2
θράκην	2
θράκη	2
θουριγγίας	2
θεόδωρον	2
θεωρούν	2
θεωρητικόν	2
θεωρείται	2
θεωρίων	2
θεωρίας	2
θεωρίανατουν	2
θεωρία	2
θετικόν	2
θεσσαλῶν	2
θεσσαλονίκης,όπ	2
θεσσαλοί	2
θεσσαλίαν	2
θεσπίστ	2
θεσμούς	2
θερμότητας	2
θεραπόν	2
θεούς	2
θεοδώρα	2
θεμιστοκλής	2
θεμελ΄εώδης	2
θελαν	2
θεατρικού	2
θείος	2
θείας	2
θαυμασμόν	2
θαυμάζ	2
θανατώνε	2
θήβαν	2
θέχες	2
θέσην	2
θέσεις	2
θέρος	2
θέματι	2
θέμαν	2
θέλησης	2
θάνατονατ	2
θ	2
ηχογραφούν'ατα	2
ηχογραφεί	2
ηχογραφέθεν	2
ηχογραφέθαν	2
ηχογράφνε	2
ηχογράφησην	2
ηχογράφεσε	2
ηχογράφ	2
ηταν	2
ηρώων	2
ηρακλείου	2
ηρακλείδης	2
ηράκλειος	2
ηπειρίων	2
ηπείρ	2
ηπα	2
ηνωμενατί	2
ημψόν	2
ημσαγωγίων	2
ημερίων	2
ημαθίας	2
ημαθίαν	2
ημ'σόθεον	2
ηλικίαν	2
ηλεκτρονικόν	2
ηλεάεται	2
ηκτοπισενονς	2
ηθοποιόν	2
ηθική	2
ηγεμονίαν	2
ζόρι	2
ζωντανόν	2
ζωντανοί	2
ζωντανή	2
ζωντανά	2
ζωμίν	2
ζωγράφεμαν	2
ζωήν	2
ζωή	2
ζωέν	2
ζούσαν	2
ζουρνατζής	2
ζουπάνον	2
ζουνα	2
ζουν	2
ζουάν	2
ζοζέ	2
ζιντάο	2
ζηλανδίαν	2
ζηλ	2
ζεϊμπέκικον	2
ζερονιμο	2
ζενγκ	2
ζαντός	2
ζαμάναι	2
ζαλίχης	2
ζαγοραίος	2
ζαΐρ	2
ζα	2
ζήτημαν	2
ζήτημα	2
ζέτέμαν	2
ζάχαρην	2
ζάγκρεμπ	2
εὐρίεται	2
εύφλεκτον	2
εύραν	2
εύπορος	2
εύκρατο	2
εψήφησεν	2
εχώρτσαν	2
εχτίεν	2
εχτέστεν	2
εχρησιμοποίησεν	2
εχρησιμοποίησανατα	2
εχρησιμοίησεν	2
εχπάσταν	2
εχθρούσατ	2
εχει	2
εχαρεντέρισενατον	2
εχάθεν	2
εχάθανε	2
εχάθαν	2
εχ'νε	2
εφόρησεν	2
εφταν	2
εφτάω	2
εφτάτεν	2
εφτάνουν	2
εφτάνατεν	2
εφτάνατα	2
εφτάν'νε	2
εφτάμ'εναν	2
εφημερίδαν	2
εφευρέθεν	2
εφεξής	2
εφαρμογής	2
εφήκεν	2
εφέκαν	2
εφάνθεν	2
ευχήν	2
ευφράτες	2
ευφημισμόν	2
ευτυχώς	2
ευρώπας	2
ευρωπαϊκό	2
ευρωπαϊκού	2
ευρωπαϊκής	2
ευρωπαϊκά	2
ευρωπαεκά	2
ευρωπαίους	2
ευρωπαίοις	2
ευριέται	2
ευρασίας	2
ευρίσκουνταν	2
ευρίσκουματο	2
ευρίουτον	2
ευρίετεν	2
ευκολύνει	2
ευκατάστατος	2
ευγενίων	2
ευγενίδειον	2
ευαγγέλιον	2
ετυμολόγοι	2
ετυμολογία	2
ετραγώδνε	2
ετραγούδεσεν'ατά	2
ετραγούδεσεν	2
ετράνηνεν	2
ετράνηνε	2
ετοπλάευε	2
ετησίως	2
ετερνανε	2
ετελείωσεν	2
ετελέθαν	2
εταιρείας	2
εταιρία	2
εταίριαζεν	2
ετήσιος	2
ετέσια	2
ετέρνεν	2
εσύστησεν	2
εσύντςεναν	2
εσωτερικοί	2
εσχημάτισεν	2
εσυνέχισεν	2
εστεασν	2
εστάθαν	2
εσς	2
εσπούδασεν	2
εσπερινός	2
εσκοτώθεν	2
εσκοτώθαν	2
εσκορπίγανε	2
εσκί	2
εσερέφταν	2
εσεγκαν'ατα	2
εσήβεν	2
εσήβαν	2
εσέβαν	2
εσ	2
ες	2
ερώτησης	2
ερώτησην	2
ερόιζεν	2
ερωτήσεις	2
ερχιέων	2
ερχεται	2
ερχήνωσεν	2
ερχήνωσε	2
ερρώστησεν	2
ερντογάν	2
ερνέστο	2
ερμηνευτεί	2
ερμηνευτήν	2
ερμηνείαν	2
ερμηνεία	2
ερθεν	2
ερημιά	2
ερζεγοβίνην	2
ερευνητάς	2
εργασίας	2
εργαλείου	2
εργάζομαι	2
εράεψεν	2
επόρνανε	2
επόμειναν	2
επτάσημον	2
επρώτενεν'ατον	2
επρόλαβεν	2
επρωτοφανέρτσε	2
επροσπάθεσε	2
επρέπ	2
εποχών	2
επουλούνταναν	2
επουγαλεύτεν	2
επορούμε	2
επολέμησαν	2
επολέμαναν	2
επογαλεύκουσαν	2
εποίσον	2
εποίνε	2
εποίνανε	2
εποίν'νεν	2
εποίν'ναν	2
εποίκεσαν	2
εποίκενατεν	2
εποίκενατα	2
εποίκανατον	2
εποίκανατο	2
εποίκανατ'σ	2
επλοποίησεν	2
επιτυχώς	2
επιτυχημένα	2
επιτελείον	2
επιταχυνόμενους	2
επιστροφής	2
επιστροφήν	2
επισέμως	2
επιλέξειν	2
επιθεώρησις".σα	2
επιζέσαντες	2
επιγράφηκε	2
επηρεασμένα	2
επηρέασεν	2
επηρέασαν	2
επηναν	2
επεριέγραψεν	2
επεργαστάς	2
επεξεργαστής	2
επεξεργαστήνατς	2
επεξεργαστές'ατς	2
επεκτείνει	2
επεκτατισμόν	2
επεή	2
επατάλευεν	2
επαρχία	2
επαραδέχτεν	2
επαναστατικόν	2
επανάσταση	2
επαλινόστησεν	2
επαίρενατεν	2
επαίρανε	2
επαίρανατο	2
επαίνευεν	2
επίσκοπον	2
επίσημην	2
επίσημα	2
επήναν	2
επήγανε	2
επήγαν	2
επέτειον	2
επέρασεν	2
επέκει	2
επέθανε	2
επέθαναν	2
επάρθεν	2
επάντρεψεν	2
επάιρεν	2
εξώθερμη	2
εξόρισεν	2
εξόντωσην	2
εξωτερικόν	2
εξωτερικοί	2
εξεχωρίγαν	2
εξεριζώθαν	2
εξελληνισμένον	2
εξελίζκεται	2
εξεκίνεσεν	2
εξεκίνεσαν	2
εξαπλώθεν	2
εξαπλούται	2
εξέρουματα	2
εξέρομεν	2
εξέρνεν	2
εξέρνε	2
εξέγερσην	2
εξάρχεια	2
ενώ	2
ενωμένων	2
ενωμένην	2
εντούντσεν	2
εντολήν	2
εντάμα	2
ενρίκ	2
ενορχήστρωσην	2
ενοίγοματα	2
ενικόν	2
ενθουσιασμός	2
ενετοί	2
ενετάχθαν	2
ενεστώτα	2
ενεπέμ'νεν	2
ενδεικτικάν	2
ενδέκατον	2
ενίκεσεν	2
ενέργειαν	2
ενέδραν	2
εν´	2
εμφύλιον	2
εμπόρεσεν	2
εμπόρεσαν	2
εμπρός	2
εμπορικόν	2
εμπορικά	2
εμπορεί	2
εμπνευσμένον	2
εμπιστεύκουτον	2
εμπιστεύκουσαν	2
εμούν	2
εμουν	2
εμμανουηλίδης	2
εμιράτον	2
εμελέτησεν	2
εματαιώε	2
εμάθισαν	2
εμάθανεν	2
ελληνοσοβιετ	2
ελληνισμού	2
ελληνικόν	2
ελληνικό	2
ελληνικού	2
ελλενο-ρωμαϊκά	2
ελλενιστικά	2
ελλενικών	2
ελλενικού	2
ελλενικής	2
ελλενικήν	2
ελλένων	2
ελλένες	2
ελλάδος	2
ελλάδα.(συνέδριο	2
ελλάγεν	2
ελλ	2
ελισάβετ	2
ελευθερίας’ατ	2
ελευθερίας	2
ελευθερίαν	2
ελευθέριος	2
ελβετικόν	2
ελβετίαν	2
ελβετία	2
ελατόν	2
ελίσαμπετ	2
ελίεν	2
ελίγο	2
ελέυθερην	2
ελέπνε	2
ελένες	2
ελένε	2
ελέγανε	2
ελάστανε	2
ελάσκουντον	2
ελάγεν	2
εκύρηξεν	2
εκύρηξανατεν	2
εκόπεν	2
εκχριστιανισμένον	2
εκφραστικά	2
εκφραστής	2
εκυκλοφόρησεν	2
εκυβέρνησεν	2
εκτιμήσεις	2
εκστρατείας	2
εκρατναν	2
εκρέμσαν	2
εκράτεσεν	2
εκράτεσε	2
εκπροσώπησεν	2
εκπροσωπήσειν	2
εκπαίδευσην	2
εκουλενέυτεν	2
εκμετάλλευσην	2
εκλογήν	2
εκλογάς	2
εκλείθεν	2
εκλαψον	2
εκκλησίες.ομως	2
εκκλησίαν	2
εκεικά	2
εκειαπές	2
εκείνους	2
εκείνο	2
εκείνη	2
εκδόθε	2
εκδοχήν	2
εκδοχή	2
εκδοτικός	2
εκατώ	2
εκατοστά	2
εκατομμυρίων	2
εκατέστρεψαν	2
εκατέλαβεν	2
εκατάφερεν	2
εκαπιδευτικόν	2
εκαλάτσεβαν	2
εκαλάτςεβαν	2
εκαιπά	2
εκαθιέρωσεν	2
εκίζ	2
εκήρυξεν	2
εκέκα	2
εκέ	2
ειν	2
εικόνα	2
ειδικότερα	2
ειδικόν	2
ειδικέσας	2
εθνών	2
εθνομουσικολόγοι	2
εθνίων	2
εθαρρούνε	2
εθέλνα	2
εθάρνεν	2
εδώκενατο	2
εδώ	2
εδούνανε	2
εδούλεψανατον	2
εδούλευεν	2
εδιμβούργον	2
εδιευκόλυνεν'ατον	2
εδιδάχτεν	2
εδιαχειρίστεν	2
εδιατηρέθαν	2
εδημοσίευσεν	2
εδεάβαζαν	2
εδαφολογίαν	2
εδαίβεν	2
εδίκνειζαν	2
εδέχτηκεν	2
εδέκνιζεν	2
εδέκαν	2
εδέβεν	2
εδέβαν	2
εγόμωσε	2
εγυναίκ'σεν	2
εγροικούν	2
εγροικούμ	2
εγροικά	2
εγροίξεν	2
εγρηκούμε	2
εγρίξεν	2
εγράφταν	2
εγράφκουτον	2
εγράσεψαν	2
εγνωρίζαν	2
εγκμοντ	2
εγγλέζκον	2
εγαντουρεύ	2
εγέντονε	2
εγένονταν	2
εγάπην	2
εγάπεσεν	2
εγάπεσανατο	2
εγάπανεν	2
εβραϊκόν	2
εβρέθεν	2
εβρέθανε	2
εβρέθαν	2
εβοήθησεν	2
εβοήθησαν	2
εβδομάδαν	2
εβγαίν	2
εβάλν’	2
εβάλνανε	2
είχε	2
είχανε	2
είπε	2
είπανατονα	2
είπαν	2
είναιν	2
είν'ατόσον	2
είμουν	2
είκε	2
είδους	2
είδη	2
είδεν	2
είδαν	2
εέντονε	2
δώδεκα	2
δύσα	2
δύναμη	2
δόγματα	2
δωδεκάνησα,εποίκεν	2
δωδέκατον	2
δυτικήν	2
δυσκολίας	2
δυνατόν	2
δυναστείαν	2
δροσερόν	2
δραστικόν	2
δραματικόν	2
δραματικά	2
δραγούμη.μακεδών,ασό	2
δράματα	2
δράμα	2
δούσμανη	2
δούλεψον	2
δούλευεν	2
δούκας	2
δούκαν	2
δούκα	2
δουλμέν	2
δουλευτάς	2
δουλείασατς	2
δουλείας'ατουν	2
δουλείανατ	2
δουλεία	2
δουλίαν	2
δουκατή	2
δουβλίνον	2
δοξασμένος	2
δολίαν	2
δοκεία	2
διυδρογόνον	2
δισκόπον	2
δισκογραφικόν	2
διπλόν	2
διπλωματικόν	2
διπλωμάτες	2
διοργανώνεταιν	2
διοργανώνεται	2
διοικητικόν	2
διοικητικά	2
διοικητής	2
διοδώρας	2
διογένης	2
δικτατορίας	2
δικτάτορες	2
δικτάτορας	2
δικηγόρον	2
δικαστήριον	2
δικαιολοεί	2
διετίαν	2
διεξάγεταιν	2
διεκρίθη	2
διεθνώς	2
διεθνικόν	2
διεθνικού	2
διεβάουνταν	2
διδασκαλείας	2
διγ	2
διαφορετικόν	2
διαφοράς	2
διατριβήν	2
διατομικόν	2
διατομικήν	2
διατέρούσαν	2
διαπραγματεύκεται	2
διαμέρισμα	2
διαλόγων	2
διαλεκτικήν	2
διαλεκτική	2
διαλέκτου	2
διακριτούς	2
διαθήκη	2
διαδοχήν	2
διαδικτυακού	2
διαδικτυακήν	2
διαγωνισμός	2
διέτριβε	2
διάσημον	2
δημόσιον	2
δημοτικήν	2
δημοτικά	2
δημοσιογράφος	2
δημογραφίας	2
δημήτριον	2
δημήτρη	2
δηλαδή)·	2
δεύτερην	2
δευτέρου	2
δευτέρα	2
δεσκάλτς	2
δεξιά	2
δεξί	2
δεμένα	2
δελφών	2
δεκνίζεν	2
δεκαοχτώ	2
δεκανέας	2
δεκαεφτά	2
δεκαετίας	2
δεις	2
δει	2
δεατροφολόγον	2
δεαβασμένος	2
δεαβάζ’	2
δείγματα	2
δεάβασμαν	2
δε	2
δαταγάς	2
δασκαλόπουλονος	2
δασκάλους	2
δαρμενεία	2
δανίας	2
δανία	2
δανέζκα	2
δαλματίας	2
δαβαίνε	2
δαβαίν'νε	2
δαίφαντονος	2
δίσκων	2
δίσκους'ατ	2
δίσκοι-σταθμοί	2
δίσκο	2
δίσεκτα	2
δίπλωμαν	2
δίπλα	2
δίνε	2
δίδυμα	2
δίγουν	2
δίγνε	2
δήμους	2
δήμαρχον	2
δέχτηκαν	2
δέχκουνταν	2
δέσκαλος	2
δέλτα-τον	2
δέβασμανατουν	2
δέβ'ασην	2
δάχτυλαν	2
δάσκαλον	2
δάμων	2
δ΄εαφορομορφιζμίων	2
δ΄εαφορίσιμους	2
δ΄εατύπωσην	2
δ΄εα	2
γύρω	2
γυαλίν	2
γρύλλονος	2
γρούζικον	2
γρούζ	2
γρουζίας	2
γρουζία	2
γρηγόριο	2
γρηγόρη	2
γραψίματα	2
γραψ	2
γραφόμενα	2
γραφτ	2
γραφούμενα	2
γραφείον	2
γραφής	2
γραμματιζμέν	2
γραγμένον	2
γράψιμον’ατ	2
γράψιμο	2
γράψ	2
γράφω	2
γράφτ	2
γράφουν	2
γράφνατα	2
γράφκουνταν	2
γουνούσεμαν	2
γουινέα	2
γουήν	2
γοργά	2
γονουσεύνε	2
γονείσατου	2
γομώνομε	2
γομάτον	2
γνώσην	2
γνώριμος	2
γνωστοί	2
γνωσίων	2
γνωρίνται	2
γλώσσας(ισπανικά,πορτογάλικα,ιταλικά).τα	2
γλώσσανετουν	2
γλώσσανεμουν	2
γλύτωμαν	2
γλωσσολόγους	2
γλωσσολόγον	2
γλωσσολογίας	2
γλωσσικόν	2
γλυπτικήν	2
γλυκίν	2
γκριμπαουσκάιτε	2
γκρι	2
γκρίμσσον	2
γκρέυ	2
γκουζενμπάουερ	2
γκιουρτσάνι	2
γκιολ	2
γκετσίτ	2
γκöτονος	2
γκö́τάντων	2
γιώργονος	2
γιώργον	2
γιός	2
γιόξαμ	2
γιόκ	2
γιουνγκ-γι	2
γιουγκοσλαβίας	2
γιος	2
γιορτάς	2
γιορδανίαν	2
γιον	2
γιοκ	2
γιο'νατ	2
γινγκ	2
γιλντιρίμ	2
γιλντίζ	2
γιβραλτάρ	2
γιατρός	2
γιασάεμαν	2
γιαουντέ	2
γιανουκόβιτς	2
γιαννιτσών	2
γιανζί	2
γιανγκ	2
γιαβούτο	2
γιαβούρ	2
γιάντς	2
γιάνσα	2
γιάννη	2
γιάνεζ	2
γιάγκος	2
γι'αούτο	2
γεώσφαιρας	2
γεώργιος	2
γεωφυσικήν	2
γεωφράφον	2
γεωτέχνας	2
γεωργιανά	2
γεωργίας	2
γεωλογικά	2
γεωλογίας	2
γεωλογίαν	2
γεωδαιτικήν	2
γεωδαισίαν	2
γεωγραφικόν	2
γεωγραφίας	2
γεωγραφία	2
γεωγραφάντων	2
γεωγράφος	2
γεφύραι	2
γερμανός	2
γερμανόγλωσσον	2
γερμανικού	2
γερμανικον	2
γερμανικα	2
γεννούν	2
γεννεμέν	2
γεννήσεως	2
γεννέθεν	2
γενιτσέ	2
γενέτειρα	2
γελαστέσα	2
γεγονότων	2
γεγονόταν	2
γείνομαι	2
γαρην	2
γαρη	2
γαμπρόν	2
γαμπρούν	2
γαλλία	2
γαλικιανικά	2
γαλατικού	2
γαλίαιναν	2
γαζῆ	2
γίνταν	2
γίνεταιν	2
γήπεδο	2
γάλλον	2
γάλαι-γάλαι	2
βόρεον	2
βόγισλαβ	2
βυρτεμβεργιανόν	2
βυρτεμβέργης	2
βυζαντινός	2
βυζαντινό	2
βυζαντίου	2
βρύση	2
βρυξέλλας	2
βραδύας	2
βράχος	2
βράχον	2
βουλευτικά	2
βουλγαρικών	2
βουλγαρικά	2
βουλγαρία	2
βουλγάρικα	2
βουλής	2
βουλή	2
βουκουρέστι	2
βουδαπέστη	2
βοτανικής	2
βοστώνην	2
βοστώνη	2
βοσνίαν	2
βοσνάντ	2
βορράν	2
βορειοαφρικανός	2
βορειοατατολικόν	2
βορειοανατολικόν	2
βορειοανατολικά	2
βοιώτιον	2
βοηθούνε	2
βοηθέστεν	2
βοηθά'τον	2
βοηθά	2
βογατσικό	2
βιτςέντσαν	2
βιρμανίαν	2
βιολογικόν	2
βιογράφον	2
βιετναμικά	2
βιβλιοθήκην	2
βιβλίων	2
βιβλίανατ	2
βιασ	2
βιέννη	2
βετεράνον	2
βεστφάλεν	2
βερόναν	2
βερολίνο	2
βενιζέλο	2
βενιζέλ	2
βενετίαν	2
βενεζουέλαν,το	2
βελιγράδ	2
βεζαντινήν	2
βεατρίκη	2
βδομάδας	2
βαϊμαρικού	2
βαϊμάρης	2
βαϊβούρτη	2
βαϊµάρην	2
βαχούτεα	2
βαυαρίας	2
βατικανό	2
βασκικά	2
βασιλοσκάμν	2
βασιλοπαίδ	2
βασιλικήν	2
βασιλεύς	2
βασιλειατί	2
βασιλεία	2
βασιλίου	2
βασιλέων	2
βασιλέα	2
βασικών	2
βασικότερα	2
βασικός	2
βασικήν	2
βασικά	2
βασίλισσαν	2
βασίλησαν	2
βασίλης	2
βασίλειος	2
βασίλειονος	2
βασίζκουνταν	2
βαρύτητας	2
βαρύς	2
βαρτσεμπέκ	2
βαρσοβία	2
βαρντάρ	2
βαρδάριον	2
βαρδάρι	2
βαρβαρικά	2
βαντούζ	2
βανίλιας	2
βαλλέταν	2
βαλκανικούς	2
βαλκάνια	2
βαλεαρίδας	2
βαγιαζίτ	2
βαγιαζήτ	2
βαγγέλης	2
βαγγέλην	2
βαγγέλη	2
βίσση	2
βίρβου	2
βίλνιους	2
βίκτορα	2
βίκτορ	2
βίβες	2
βήματα'τ	2
βήματα	2
βέτσλαρ	2
βέρτερ	2
βέροιαν	2
βέροια	2
βέρνη	2
βέρμιον	2
βέρμαχτ	2
βέγια	2
βάτσλαβ	2
βάση	2
βάρναν	2
βάλομ’	2
βάλομε	2
βάγγενα	2
α’	2
αύξέσην	2
αύγουστος	2
αϊντίν	2
αϊνάρδος	2
αϊδονι	2
αχ	2
αφότε	2
αφρικής	2
αφουγκράται	2
αφκακαικά	2
αφιλόξενον	2
αφιερωμένον	2
αφιέρωμα	2
αφγανιστάν	2
αφίν	2
αφήνουμε	2
αφέντε-σκλάβονος	2
αφ'κά	2
αυτόνομον	2
αυτόνομα	2
αυτόν	2
αυτοκράτορας	2
αυτοκέφαλα	2
αυτοβιογραφικά	2
αυτοβιογραφίαν	2
αυταίρετους	2
αυτές	2
αυτάν	2
αυστροουγγρικού	2
αυστρο-ουγγαρίαν	2
αυστρίαν	2
αυστρία	2
αυλός	2
αυκά,όποι	2
ατ’ς	2
ατών	2
ατότε	2
ατόσο	2
ατόναν	2
αττικόν	2
ατούς	2
ατουνού	2
ατουκά	2
ατομικό	2
ατομικήν	2
ατη	2
ατεναν	2
ατεν	2
ατεινές	2
ατείν	2
ατής	2
ατ΄εδέβαν	2
ατ',έστεσεν	2
ασ’ατά	2
ασόνα	2
ασωπού	2
αστικόν	2
αστικήν	2
αστερίξ	2
αστέρ	2
ασπάλαθος	2
ασούντα	2
ασούλτς	2
ασοί	2
ασμασί	2
ασκέρ	2
ασιατικόν	2
ασημόλευκον	2
ασατούνς	2
ασάλο	2
ασ'λέμε	2
ασ'ισπανούς	2
ασ'ατά	2
ασ'αρχοντικόν	2
ασ'απάν	2
ασ'αλτς	2
αρχιτεκτονίδη	2
αρχιτέκτονα	2
αρχινάς	2
αρχικόν	2
αρχηστράτηγου	2
αρχηγοί	2
αρχαρίους	2
αρχαιότητος	2
αρχαιότητας	2
αρχαίου	2
αρχαίοι	2
αρχή	2
αρπαξενατο	2
αρνάσεμανατουν	2
αρνάσεμανατ	2
αρνάςεμαν	2
αρμοστείας	2
αρμενικόν	2
αρμενικά	2
αρμενιακόν	2
αρμενίας	2
αρμενίαν	2
αρμενία	2
αρμενάντ	2
αρμένιαν	2
αρκτικήν	2
αρκετάν	2
αριστόδεμον	2
αριστοτέλε	2
αριστερό	2
αριθμός	2
αριθμομηχανής	2
αρθώπς	2
αργόν	2
αργυρόλευκο	2
αργυρούπολης	2
αργυρούπολην	2
αργά	2
αραράτ	2
αραπαδίων	2
αραβόσιτος	2
αραβικά	2
αραβ	2
αραέυ	2
απόλυτον	2
απόλλωνος	2
απόθανεν	2
απριλί	2
απρίλιος	2
αποφάσαι	2
αποτελείνεν	2
αποστόλτς	2
αποστολήν	2
αποσκότ'σον	2
αποπίσ'ατ'ς	2
απονομές	2
αποκουμπίζ	2
αποικισμόν	2
αποικαίν	2
αποικίε	2
αποικίαν	2
αποθάναν	2
απογόνατουν	2
απογόν	2
απο	2
απλώνεται	2
απλότηταν	2
απεφάσισεν	2
απατουκά	2
απαντήσεις	2
απαναφκα	2
απαιτήσεώς	2
απα	2
απέχ'νε	2
απές΄σον	2
απέ	2
απάντησην	2
απάντεσεν	2
απ'εκεί	2
απ'απές	2
απ'αδά	2
αοὗτε	2
αούτων	2
αούτος	2
αούτην	2
αξαδέρφ	2
αξίας	2
ανόι	2
αντωνίας	2
αντρί	2
αντρέι	2
αντιφέρκουσαν	2
αντιφέρκεται	2
αντιταύρονος	2
αντιστοισ΄εί	2
αντισθένε	2
αντιπρόσωπ	2
αντιμετωπίζοντας	2
αντικείμενα	2
αντιδρά	2
ανταρκτικήν	2
ανταπόκρισην	2
ανταναναρίβο	2
ανταλλαγην	2
ανταλλαγήν	2
αντίτυπα	2
αντίλλας	2
αντίδρασην	2
αντάρτικόν	2
αντάρτικο	2
αντάρτι	2
αντάρτης	2
αντάντ	2
αντάμι	2
ανοιχτά	2
ανοιγείναι	2
ανοίγ	2
ανιστόρησην	2
ανθρώπ/χλμ²	2
ανεφορίτσαν	2
ανελλιπών	2
ανεγνώρισεν	2
ανδόρραν	2
ανδρε	2
αναχάπαρτα	2
αναφοράς	2
αναφοράντας	2
αναφέρεταιν	2
ανατολικό	2
ανατολικήν	2
ανατολίτης	2
ανατολίας	2
ανατολίαν	2
ανατολία	2
ανατολ	2
ανασπαλτος	2
ανασπάλνε	2
ανασπάλλω	2
αναμνηστικόν	2
αναλλοίωτον	2
ανακηρύχθεν	2
αναθεωρητικόν	2
αναγνώρισεν	2
αναγνωρισμέντσα	2
αναγνωρίσιμος	2
αναβ	2
ανήκνε	2
ανάσυρσην	2
ανάσπαλτος	2
ανάπτυξην	2
ανάμεσαν	2
ανάμεσα	2
ανάγνωσης	2
ανάγκην	2
ανάβασην	2
ανά	2
αμπελόκηπους,εκεκά	2
αμπάι	2
αμιγώς	2
αμερικάνικόν	2
αμαλία	2
αμέταλλον	2
αμέρικας.ατουκά	2
αμέρικας,π'εκατακτέθεν	2
αμέρικαν	2
αμέρικα	2
αμάσειος	2
αμάσειας	2
αμά	2
αλωνάρ	2
αλχημιστικήν	2
αλφάβητου	2
αλπιδικόν	2
αλμπέρ	2
αλλ’	2
αλλόν	2
αλλουνούς	2
αλληλοσκετίζκουνταν	2
αλληλογραφίαν	2
αλλαγάς	2
αλλα	2
αλλέτερον	2
αλλέτερα	2
αλλάζνε	2
αλλάζατο	2
αλκαλικόν	2
αληθινού	2
αλεξανδρούπολη	2
αλεξίου	2
αλεξάνδρειαν	2
αλβανικά	2
αλβανίας	2
αλβανία	2
αλβέρτον	2
αλατσάμ	2
αλίκην	2
αλίζνε	2
αλήθειας	2
αλήθειαν	2
αλέξης	2
αλέξη	2
αλέξανδρονος	2
αλέξανδρον	2
αλέξανδος	2
αλέκονος	2
αλ-καχίρα	2
ακόμη	2
ακόμα	2
ακόλουθα	2
ακρωτήριον	2
ακρωτήραι	2
ακραίου	2
ακούγουνταν	2
ακολούθησεν	2
ακ	2
αιώνας	2
αιτίας	2
αιτίαν	2
αιρετικά	2
αιθιπίαν	2
αιθιοπίαν	2
αιγύπτου	2
αιγαίον	2
αθρώποι	2
αθρωπίων	2
αθλητικός	2
αθλήματα	2
αθηνών	2
αθηναίων	2
αθηναίον	2
αθηλτικάν	2
αθήνα,η	2
αηχογραφούσαν	2
αζόρε	2
αζερικά	2
αζερ	2
αεσμένου	2
αεργίτε	2
αερίων	2
αείκον	2
αδριανούπολης	2
αδρανειακών	2
αδρανειακά	2
αδελφικόν	2
αδελφής	2
αδαπές	2
αγώνων	2
αγώνος.ίδια	2
αγώνα.ασά	2
αγώνα	2
αγωνιστής,πατριώτ'ς	2
αγωνιστέας	2
αγούρ	2
αγοράν	2
αγνόν	2
αγλήγορα	2
αγκώνασατουν	2
αγιον	2
αγικελεσί	2
αγγληκ΄ον	2
αγγλίαν	2
αγγ	2
αγαπητό	2
αγαθώ	2
αγαθόν	2
αγαίον	2
αγίαν	2
αγάς	2
αβούτος	2
αβούτοι	2
αβούτε	2
αβασλανεύκεται	2
αβασίλευτον	2
αβαράς	2
αβαράντ	2
αίμα	2
αήκον	2
αέραν	2
αΐκον	2
ίωνες	2
ίωνας	2
ίρις	2
ίρες	2
ίντανε	2
ίνουνταν	2
ίμβρος	2
ίλβες	2
ίδρυσην	2
ίδρυση	2
ίδρυσές	2
ίδρεσαν	2
ίδιος	2
ίδιον	2
ίδια	2
ήχον	2
ήρωαν	2
ήλος	2
ήλον	2
ήλιοι	2
ήθη	2
ήδη	2
έως	2
έψεν	2
έχτισεν	2
έχτισαν	2
έχουμε	2
έχν	2
έχασαν	2
έφυεν	2
έφυγεν	2
έφτασεν	2
έφερε	2
έτρωγαν	2
έτρωαν	2
έτερα	2
έστεσεν	2
έστεκεν	2
έστειλενατεναν	2
έστειλαν	2
έσ	2
έρχουτον	2
έρτεν	2
έρνστ	2
έρκεται	2
έρθαμε	2
έργ'ατ	2
έπρεπε	2
έπραγματοποίησεν	2
έπλευσαν	2
έπινανε	2
έπηνεν	2
έπειταν	2
έπε	2
έπαρ	2
έξυπνος	2
έξον	2
έξεργον	2
έξ	2
ένωμαν	2
έντουνα	2
έντουαρντ	2
έντεχνα	2
έντανε	2
ένερς	2
ένατον	2
έν'η	2
έμπεσεν	2
έμνοστα	2
έλληνος	2
έλλενων	2
έλλαξεν	2
έλεν	2
έλεενατον	2
έλεγεν	2
έλεαν	2
έλασμαν	2
έκτασην	2
έκτασήν	2
έκοψαν	2
έκουεν	2
έκλεισενατο	2
έκδοση	2
έθιμα	2
έζηνε	2
έεις	2
έδωκανατουν	2
έδρας	2
έδεσσα	2
έγχορδον	2
έγραψεν'ατον	2
έγραψε	2
έγνε	2
έγκανε	2
έγελον	2
έβρανε	2
έβρανατ'σ	2
έβερτ	2
έβαλεν	2
έβαζεν	2
άψον	2
άψιμο	2
άτμπαρα	2
άσπρον	2
άρχοντας	2
άρματα	2
άρην	2
άπραγα	2
άποικοι	2
άουγκουστ	2
άξεινος	2
άντρις	2
άντρας	2
άντζελες	2
άνοιξην	2
άνοιξεν'ατον	2
άνθρωπονος	2
άνθρωπ'ς	2
άνγκελας	2
άνγκελα	2
άμστερνταμ	2
άλφρεντ	2
άλτς.εκατακτέθεν	2
άλογα	2
άλο	2
άλμπουμ	2
άλμπερτ	2
άλλος	2
άλατος	2
άκραν	2
άκου	2
άδειαν	2
άγουστος	2
άγουρους	2
άγουρος	2
άγουρονος	2
άγνωστον	2
άγνον	2
άγιοι	2
άγγλος	2
άγαλμα	2
άβούτον	2
µοθοπώρ	2
µήνας	2
